--
-- PostgreSQL database dump
--

\restrict J6Mn8hUc8I5WI5Xb9oRtWjSLdInPEfkyjigZeIMs9cZtinfYXBhmfL7WAs1TktK

-- Dumped from database version 16.13
-- Dumped by pg_dump version 16.13

SET statement_timeout = 0;
SET lock_timeout = 0;
SET idle_in_transaction_session_timeout = 0;
SET client_encoding = 'UTF8';
SET standard_conforming_strings = on;
SELECT pg_catalog.set_config('search_path', '', false);
SET check_function_bodies = false;
SET xmloption = content;
SET client_min_messages = warning;
SET row_security = off;

SET default_tablespace = '';

SET default_table_access_method = heap;

--
-- Name: alembic_version; Type: TABLE; Schema: public; Owner: events_bot
--

CREATE TABLE public.alembic_version (
    version_num character varying(32) NOT NULL
);


ALTER TABLE public.alembic_version OWNER TO events_bot;

--
-- Name: audit_logs; Type: TABLE; Schema: public; Owner: events_bot
--

CREATE TABLE public.audit_logs (
    id bigint NOT NULL,
    actor_user_id bigint,
    action character varying(255) NOT NULL,
    target_type character varying(255),
    target_id character varying(255),
    metadata_json json,
    created_at timestamp with time zone DEFAULT now() NOT NULL
);


ALTER TABLE public.audit_logs OWNER TO events_bot;

--
-- Name: audit_logs_id_seq; Type: SEQUENCE; Schema: public; Owner: events_bot
--

ALTER TABLE public.audit_logs ALTER COLUMN id ADD GENERATED BY DEFAULT AS IDENTITY (
    SEQUENCE NAME public.audit_logs_id_seq
    START WITH 1
    INCREMENT BY 1
    NO MINVALUE
    NO MAXVALUE
    CACHE 1
);


--
-- Name: chat_category_settings; Type: TABLE; Schema: public; Owner: events_bot
--

CREATE TABLE public.chat_category_settings (
    id bigint NOT NULL,
    chat_id bigint NOT NULL,
    category_id bigint NOT NULL,
    is_enabled boolean DEFAULT true NOT NULL,
    created_at timestamp with time zone DEFAULT now() NOT NULL,
    updated_at timestamp with time zone DEFAULT now() NOT NULL
);


ALTER TABLE public.chat_category_settings OWNER TO events_bot;

--
-- Name: chat_category_settings_id_seq; Type: SEQUENCE; Schema: public; Owner: events_bot
--

ALTER TABLE public.chat_category_settings ALTER COLUMN id ADD GENERATED BY DEFAULT AS IDENTITY (
    SEQUENCE NAME public.chat_category_settings_id_seq
    START WITH 1
    INCREMENT BY 1
    NO MINVALUE
    NO MAXVALUE
    CACHE 1
);


--
-- Name: chats; Type: TABLE; Schema: public; Owner: events_bot
--

CREATE TABLE public.chats (
    id bigint NOT NULL,
    telegram_chat_id bigint NOT NULL,
    title character varying(255),
    username character varying(255),
    chat_type character varying(32) NOT NULL,
    is_active boolean DEFAULT true NOT NULL,
    created_by_user_id bigint,
    created_at timestamp with time zone DEFAULT now() NOT NULL,
    updated_at timestamp with time zone DEFAULT now() NOT NULL,
    setup_message_id bigint,
    registration_status character varying(32) DEFAULT 'pending_permissions'::character varying NOT NULL,
    permissions_status json,
    categories_selected boolean DEFAULT false NOT NULL,
    CONSTRAINT ck_chats_chat_type CHECK (((chat_type)::text = ANY ((ARRAY['private'::character varying, 'group'::character varying, 'supergroup'::character varying, 'channel'::character varying])::text[])))
);


ALTER TABLE public.chats OWNER TO events_bot;

--
-- Name: chats_id_seq; Type: SEQUENCE; Schema: public; Owner: events_bot
--

ALTER TABLE public.chats ALTER COLUMN id ADD GENERATED BY DEFAULT AS IDENTITY (
    SEQUENCE NAME public.chats_id_seq
    START WITH 1
    INCREMENT BY 1
    NO MINVALUE
    NO MAXVALUE
    CACHE 1
);


--
-- Name: clubs; Type: TABLE; Schema: public; Owner: events_bot
--

CREATE TABLE public.clubs (
    id bigint NOT NULL,
    name character varying(255) NOT NULL,
    description text,
    owner_user_id bigint,
    contact_link character varying(512),
    is_active boolean DEFAULT true NOT NULL,
    created_at timestamp with time zone DEFAULT now() NOT NULL,
    updated_at timestamp with time zone DEFAULT now() NOT NULL
);


ALTER TABLE public.clubs OWNER TO events_bot;

--
-- Name: clubs_id_seq; Type: SEQUENCE; Schema: public; Owner: events_bot
--

ALTER TABLE public.clubs ALTER COLUMN id ADD GENERATED BY DEFAULT AS IDENTITY (
    SEQUENCE NAME public.clubs_id_seq
    START WITH 1
    INCREMENT BY 1
    NO MINVALUE
    NO MAXVALUE
    CACHE 1
);


--
-- Name: comments; Type: TABLE; Schema: public; Owner: events_bot
--

CREATE TABLE public.comments (
    id bigint NOT NULL,
    user_id bigint NOT NULL,
    event_id bigint NOT NULL,
    content text NOT NULL,
    created_at timestamp with time zone DEFAULT now() NOT NULL,
    updated_at timestamp with time zone DEFAULT now() NOT NULL,
    deleted_at timestamp with time zone,
    deleted_by_user_id bigint,
    delete_reason character varying(255)
);


ALTER TABLE public.comments OWNER TO events_bot;

--
-- Name: comments_id_seq; Type: SEQUENCE; Schema: public; Owner: events_bot
--

ALTER TABLE public.comments ALTER COLUMN id ADD GENERATED BY DEFAULT AS IDENTITY (
    SEQUENCE NAME public.comments_id_seq
    START WITH 1
    INCREMENT BY 1
    NO MINVALUE
    NO MAXVALUE
    CACHE 1
);


--
-- Name: dashboard_messages; Type: TABLE; Schema: public; Owner: events_bot
--

CREATE TABLE public.dashboard_messages (
    id bigint NOT NULL,
    chat_id bigint NOT NULL,
    message_id bigint NOT NULL,
    last_rendered_at timestamp with time zone,
    last_render_hash character varying(128),
    created_at timestamp with time zone DEFAULT now() NOT NULL,
    updated_at timestamp with time zone DEFAULT now() NOT NULL
);


ALTER TABLE public.dashboard_messages OWNER TO events_bot;

--
-- Name: dashboard_messages_id_seq; Type: SEQUENCE; Schema: public; Owner: events_bot
--

ALTER TABLE public.dashboard_messages ALTER COLUMN id ADD GENERATED BY DEFAULT AS IDENTITY (
    SEQUENCE NAME public.dashboard_messages_id_seq
    START WITH 1
    INCREMENT BY 1
    NO MINVALUE
    NO MAXVALUE
    CACHE 1
);


--
-- Name: email_verification_codes; Type: TABLE; Schema: public; Owner: events_bot
--

CREATE TABLE public.email_verification_codes (
    id bigint NOT NULL,
    user_id bigint NOT NULL,
    email character varying(255) NOT NULL,
    code_hash character varying(64) NOT NULL,
    attempts integer NOT NULL,
    expires_at timestamp with time zone NOT NULL,
    created_at timestamp with time zone DEFAULT now() NOT NULL
);


ALTER TABLE public.email_verification_codes OWNER TO events_bot;

--
-- Name: email_verification_codes_id_seq; Type: SEQUENCE; Schema: public; Owner: events_bot
--

ALTER TABLE public.email_verification_codes ALTER COLUMN id ADD GENERATED BY DEFAULT AS IDENTITY (
    SEQUENCE NAME public.email_verification_codes_id_seq
    START WITH 1
    INCREMENT BY 1
    NO MINVALUE
    NO MAXVALUE
    CACHE 1
);


--
-- Name: event_analytics; Type: TABLE; Schema: public; Owner: events_bot
--

CREATE TABLE public.event_analytics (
    id bigint NOT NULL,
    event_id bigint NOT NULL,
    user_id bigint,
    action character varying(32) NOT NULL,
    source character varying(64),
    chat_id bigint,
    created_at timestamp with time zone DEFAULT now() NOT NULL,
    updated_at timestamp with time zone DEFAULT now() NOT NULL
);


ALTER TABLE public.event_analytics OWNER TO events_bot;

--
-- Name: event_analytics_id_seq; Type: SEQUENCE; Schema: public; Owner: events_bot
--

ALTER TABLE public.event_analytics ALTER COLUMN id ADD GENERATED BY DEFAULT AS IDENTITY (
    SEQUENCE NAME public.event_analytics_id_seq
    START WITH 1
    INCREMENT BY 1
    NO MINVALUE
    NO MAXVALUE
    CACHE 1
);


--
-- Name: event_categories; Type: TABLE; Schema: public; Owner: events_bot
--

CREATE TABLE public.event_categories (
    id bigint NOT NULL,
    name character varying(100) NOT NULL,
    slug character varying(120) NOT NULL,
    is_active boolean DEFAULT true NOT NULL,
    sort_order integer DEFAULT 0 NOT NULL,
    created_at timestamp with time zone DEFAULT now() NOT NULL,
    updated_at timestamp with time zone DEFAULT now() NOT NULL
);


ALTER TABLE public.event_categories OWNER TO events_bot;

--
-- Name: event_categories_id_seq; Type: SEQUENCE; Schema: public; Owner: events_bot
--

ALTER TABLE public.event_categories ALTER COLUMN id ADD GENERATED BY DEFAULT AS IDENTITY (
    SEQUENCE NAME public.event_categories_id_seq
    START WITH 1
    INCREMENT BY 1
    NO MINVALUE
    NO MAXVALUE
    CACHE 1
);


--
-- Name: event_detail_messages; Type: TABLE; Schema: public; Owner: events_bot
--

CREATE TABLE public.event_detail_messages (
    id bigint NOT NULL,
    event_id bigint NOT NULL,
    chat_id bigint NOT NULL,
    message_id bigint NOT NULL,
    message_link character varying(1024),
    created_at timestamp with time zone DEFAULT now() NOT NULL,
    updated_at timestamp with time zone DEFAULT now() NOT NULL
);


ALTER TABLE public.event_detail_messages OWNER TO events_bot;

--
-- Name: event_detail_messages_id_seq; Type: SEQUENCE; Schema: public; Owner: events_bot
--

ALTER TABLE public.event_detail_messages ALTER COLUMN id ADD GENERATED BY DEFAULT AS IDENTITY (
    SEQUENCE NAME public.event_detail_messages_id_seq
    START WITH 1
    INCREMENT BY 1
    NO MINVALUE
    NO MAXVALUE
    CACHE 1
);


--
-- Name: event_sync_jobs; Type: TABLE; Schema: public; Owner: events_bot
--

CREATE TABLE public.event_sync_jobs (
    id bigint NOT NULL,
    event_id bigint,
    operation character varying(32) NOT NULL,
    status character varying(32) DEFAULT 'pending'::character varying NOT NULL,
    payload_json json,
    attempts integer DEFAULT 0 NOT NULL,
    last_error text,
    processed_at timestamp with time zone,
    created_at timestamp with time zone DEFAULT now() NOT NULL,
    updated_at timestamp with time zone DEFAULT now() NOT NULL
);


ALTER TABLE public.event_sync_jobs OWNER TO events_bot;

--
-- Name: event_sync_jobs_id_seq; Type: SEQUENCE; Schema: public; Owner: events_bot
--

ALTER TABLE public.event_sync_jobs ALTER COLUMN id ADD GENERATED BY DEFAULT AS IDENTITY (
    SEQUENCE NAME public.event_sync_jobs_id_seq
    START WITH 1
    INCREMENT BY 1
    NO MINVALUE
    NO MAXVALUE
    CACHE 1
);


--
-- Name: events; Type: TABLE; Schema: public; Owner: events_bot
--

CREATE TABLE public.events (
    id bigint NOT NULL,
    creator_user_id bigint NOT NULL,
    club_id bigint,
    category_id bigint NOT NULL,
    title character varying(255) NOT NULL,
    description text NOT NULL,
    event_date date NOT NULL,
    event_time time without time zone NOT NULL,
    timezone character varying(64) DEFAULT 'Asia/Almaty'::character varying NOT NULL,
    location character varying(255) NOT NULL,
    organizer_name character varying(255) NOT NULL,
    registration_url character varying(1024),
    poster_file_id character varying(512),
    status character varying(32) DEFAULT 'pending'::character varying NOT NULL,
    moderation_note text,
    approved_by_user_id bigint,
    approved_at timestamp with time zone,
    cancelled_at timestamp with time zone,
    created_at timestamp with time zone DEFAULT now() NOT NULL,
    updated_at timestamp with time zone DEFAULT now() NOT NULL,
    parent_event_id bigint,
    public_token character varying(36) NOT NULL,
    archived_at timestamp with time zone,
    restored_at timestamp with time zone,
    CONSTRAINT ck_events_status CHECK (((status)::text = ANY ((ARRAY['pending'::character varying, 'approved'::character varying, 'archived'::character varying, 'rejected'::character varying, 'needs_changes'::character varying, 'cancelled'::character varying])::text[])))
);


ALTER TABLE public.events OWNER TO events_bot;

--
-- Name: events_id_seq; Type: SEQUENCE; Schema: public; Owner: events_bot
--

ALTER TABLE public.events ALTER COLUMN id ADD GENERATED BY DEFAULT AS IDENTITY (
    SEQUENCE NAME public.events_id_seq
    START WITH 1
    INCREMENT BY 1
    NO MINVALUE
    NO MAXVALUE
    CACHE 1
);


--
-- Name: favorites; Type: TABLE; Schema: public; Owner: events_bot
--

CREATE TABLE public.favorites (
    id bigint NOT NULL,
    user_id bigint NOT NULL,
    event_id bigint NOT NULL,
    created_at timestamp with time zone DEFAULT now() NOT NULL
);


ALTER TABLE public.favorites OWNER TO events_bot;

--
-- Name: favorites_id_seq; Type: SEQUENCE; Schema: public; Owner: events_bot
--

ALTER TABLE public.favorites ALTER COLUMN id ADD GENERATED BY DEFAULT AS IDENTITY (
    SEQUENCE NAME public.favorites_id_seq
    START WITH 1
    INCREMENT BY 1
    NO MINVALUE
    NO MAXVALUE
    CACHE 1
);


--
-- Name: moderation_logs; Type: TABLE; Schema: public; Owner: events_bot
--

CREATE TABLE public.moderation_logs (
    id bigint NOT NULL,
    event_id bigint NOT NULL,
    moderator_user_id bigint,
    action character varying(32) NOT NULL,
    comment text,
    created_at timestamp with time zone DEFAULT now() NOT NULL,
    CONSTRAINT ck_moderation_logs_action CHECK (((action)::text = ANY ((ARRAY['submitted'::character varying, 'approved'::character varying, 'archived'::character varying, 'restored'::character varying, 'rejected'::character varying, 'edited'::character varying, 'needs_changes'::character varying, 'cancelled'::character varying])::text[])))
);


ALTER TABLE public.moderation_logs OWNER TO events_bot;

--
-- Name: moderation_logs_id_seq; Type: SEQUENCE; Schema: public; Owner: events_bot
--

ALTER TABLE public.moderation_logs ALTER COLUMN id ADD GENERATED BY DEFAULT AS IDENTITY (
    SEQUENCE NAME public.moderation_logs_id_seq
    START WITH 1
    INCREMENT BY 1
    NO MINVALUE
    NO MAXVALUE
    CACHE 1
);


--
-- Name: password_reset_codes; Type: TABLE; Schema: public; Owner: events_bot
--

CREATE TABLE public.password_reset_codes (
    id bigint NOT NULL,
    user_id bigint NOT NULL,
    code_hash character varying(64) NOT NULL,
    attempts_count integer DEFAULT 0 NOT NULL,
    expires_at timestamp with time zone NOT NULL,
    resend_available_at timestamp with time zone NOT NULL,
    used_at timestamp with time zone,
    created_at timestamp with time zone DEFAULT now() NOT NULL,
    updated_at timestamp with time zone DEFAULT now() NOT NULL
);


ALTER TABLE public.password_reset_codes OWNER TO events_bot;

--
-- Name: password_reset_codes_id_seq; Type: SEQUENCE; Schema: public; Owner: events_bot
--

ALTER TABLE public.password_reset_codes ALTER COLUMN id ADD GENERATED BY DEFAULT AS IDENTITY (
    SEQUENCE NAME public.password_reset_codes_id_seq
    START WITH 1
    INCREMENT BY 1
    NO MINVALUE
    NO MAXVALUE
    CACHE 1
);


--
-- Name: ratings; Type: TABLE; Schema: public; Owner: events_bot
--

CREATE TABLE public.ratings (
    id bigint NOT NULL,
    user_id bigint NOT NULL,
    event_id bigint NOT NULL,
    score integer NOT NULL,
    created_at timestamp with time zone DEFAULT now() NOT NULL,
    updated_at timestamp with time zone DEFAULT now() NOT NULL,
    deleted_at timestamp with time zone,
    deleted_by_user_id bigint,
    delete_reason character varying(255),
    CONSTRAINT ck_ratings_ck_ratings_score_range CHECK (((score >= 1) AND (score <= 5)))
);


ALTER TABLE public.ratings OWNER TO events_bot;

--
-- Name: ratings_id_seq; Type: SEQUENCE; Schema: public; Owner: events_bot
--

ALTER TABLE public.ratings ALTER COLUMN id ADD GENERATED BY DEFAULT AS IDENTITY (
    SEQUENCE NAME public.ratings_id_seq
    START WITH 1
    INCREMENT BY 1
    NO MINVALUE
    NO MAXVALUE
    CACHE 1
);


--
-- Name: reminders; Type: TABLE; Schema: public; Owner: events_bot
--

CREATE TABLE public.reminders (
    id bigint NOT NULL,
    user_id bigint NOT NULL,
    event_id bigint NOT NULL,
    remind_at timestamp with time zone NOT NULL,
    reminder_type character varying(32) NOT NULL,
    status character varying(32) DEFAULT 'scheduled'::character varying NOT NULL,
    sent_at timestamp with time zone,
    created_at timestamp with time zone DEFAULT now() NOT NULL,
    updated_at timestamp with time zone DEFAULT now() NOT NULL,
    offset_minutes integer NOT NULL
);


ALTER TABLE public.reminders OWNER TO events_bot;

--
-- Name: reminders_id_seq; Type: SEQUENCE; Schema: public; Owner: events_bot
--

ALTER TABLE public.reminders ALTER COLUMN id ADD GENERATED BY DEFAULT AS IDENTITY (
    SEQUENCE NAME public.reminders_id_seq
    START WITH 1
    INCREMENT BY 1
    NO MINVALUE
    NO MAXVALUE
    CACHE 1
);


--
-- Name: user_activity_logs; Type: TABLE; Schema: public; Owner: events_bot
--

CREATE TABLE public.user_activity_logs (
    id bigint NOT NULL,
    user_id bigint,
    action character varying(255) NOT NULL,
    metadata_json json,
    created_at timestamp with time zone DEFAULT now() NOT NULL
);


ALTER TABLE public.user_activity_logs OWNER TO events_bot;

--
-- Name: user_activity_logs_id_seq; Type: SEQUENCE; Schema: public; Owner: events_bot
--

ALTER TABLE public.user_activity_logs ALTER COLUMN id ADD GENERATED BY DEFAULT AS IDENTITY (
    SEQUENCE NAME public.user_activity_logs_id_seq
    START WITH 1
    INCREMENT BY 1
    NO MINVALUE
    NO MAXVALUE
    CACHE 1
);


--
-- Name: users; Type: TABLE; Schema: public; Owner: events_bot
--

CREATE TABLE public.users (
    id bigint NOT NULL,
    telegram_id bigint NOT NULL,
    username character varying(255),
    first_name character varying(255),
    last_name character varying(255),
    language_code character varying(16),
    is_bot boolean DEFAULT false NOT NULL,
    is_moderator boolean DEFAULT false NOT NULL,
    created_at timestamp with time zone DEFAULT now() NOT NULL,
    updated_at timestamp with time zone DEFAULT now() NOT NULL,
    email character varying(255),
    password_hash character varying(255),
    is_verified boolean DEFAULT false NOT NULL,
    nickname character varying(24),
    role character varying(32) DEFAULT 'user'::character varying NOT NULL,
    is_blocked boolean DEFAULT false NOT NULL,
    blocked_reason character varying(255),
    blocked_at timestamp with time zone,
    blocked_by_admin_id bigint,
    last_active_at timestamp with time zone,
    language character varying(2) DEFAULT 'en'::character varying NOT NULL,
    language_selected boolean DEFAULT false NOT NULL
);


ALTER TABLE public.users OWNER TO events_bot;

--
-- Name: users_id_seq; Type: SEQUENCE; Schema: public; Owner: events_bot
--

ALTER TABLE public.users ALTER COLUMN id ADD GENERATED BY DEFAULT AS IDENTITY (
    SEQUENCE NAME public.users_id_seq
    START WITH 1
    INCREMENT BY 1
    NO MINVALUE
    NO MAXVALUE
    CACHE 1
);


--
-- Data for Name: alembic_version; Type: TABLE DATA; Schema: public; Owner: events_bot
--

COPY public.alembic_version (version_num) FROM stdin;
20260602_0001
\.


--
-- Data for Name: audit_logs; Type: TABLE DATA; Schema: public; Owner: events_bot
--

COPY public.audit_logs (id, actor_user_id, action, target_type, target_id, metadata_json, created_at) FROM stdin;
1	1	block_user	user	1	{"reason": "", "email": "maxim.egof@nu.edu.kz"}	2026-05-30 20:52:43.474273+00
2	\N	unblock_user	user	1	{"email": "maxim.egof@nu.edu.kz"}	2026-05-30 21:08:34.138274+00
3	\N	block_user	user	2	{"reason": "", "email": "askar.shilderkhan@nu.edu.kz"}	2026-05-30 21:09:37.980051+00
4	\N	unblock_user	user	2	{"email": "askar.shilderkhan@nu.edu.kz"}	2026-05-30 21:09:39.892944+00
5	\N	block_user	user	2	{"reason": "", "email": "askar.shilderkhan@nu.edu.kz"}	2026-05-30 21:09:41.741029+00
6	1	unblock_user	user	2	{"email": "askar.shilderkhan@nu.edu.kz"}	2026-05-30 21:10:07.572257+00
7	1	block_user	user	2	{"reason": "", "email": "askar.shilderkhan@nu.edu.kz"}	2026-05-30 21:10:24.383286+00
8	1	unblock_user	user	2	{"email": "askar.shilderkhan@nu.edu.kz"}	2026-05-30 21:10:52.462816+00
9	1	block_user	user	1	{"reason": "hah", "email": "maxim.egof@nu.edu.kz"}	2026-05-30 21:12:06.412095+00
10	1	unblock_user	user	1	{"email": "maxim.egof@nu.edu.kz"}	2026-05-30 21:24:25.501937+00
11	1	block_user	user	2	{"reason": "", "email": "askar.shilderkhan@nu.edu.kz"}	2026-05-30 21:42:58.464628+00
12	1	unblock_user	user	2	{"email": "askar.shilderkhan@nu.edu.kz"}	2026-05-30 21:43:22.262479+00
13	1	block_user	user	2	{"reason": "", "email": "askar.shilderkhan@nu.edu.kz"}	2026-05-30 21:55:26.642975+00
14	1	unblock_user	user	2	{"email": "askar.shilderkhan@nu.edu.kz"}	2026-05-30 21:55:29.694578+00
15	1	block_user	user	1	{"reason": "", "email": "maxim.egof@nu.edu.kz"}	2026-05-30 21:55:32.628186+00
16	1	unblock_user	user	1	{"email": "maxim.egof@nu.edu.kz"}	2026-05-30 21:56:14.313017+00
17	1	block_user	user	2	{"reason": "", "email": "askar.shilderkhan@nu.edu.kz"}	2026-05-30 22:02:14.37913+00
18	1	unblock_user	user	2	{"email": "askar.shilderkhan@nu.edu.kz"}	2026-05-30 22:02:18.094732+00
19	1	block_user	user	1	{"reason": "Haha", "email": "maxim.egof@nu.edu.kz"}	2026-05-30 22:02:31.068403+00
20	1	unblock_user	user	1	{"email": "maxim.egof@nu.edu.kz"}	2026-05-30 22:02:59.753611+00
\.


--
-- Data for Name: chat_category_settings; Type: TABLE DATA; Schema: public; Owner: events_bot
--

COPY public.chat_category_settings (id, chat_id, category_id, is_enabled, created_at, updated_at) FROM stdin;
13	2	1	t	2026-05-01 07:42:26.818151+00	2026-05-01 07:42:26.818151+00
14	2	2	t	2026-05-01 07:42:26.818151+00	2026-05-01 07:42:26.818151+00
15	2	3	t	2026-05-01 07:42:26.818151+00	2026-05-01 07:42:26.818151+00
16	2	4	t	2026-05-01 07:42:26.818151+00	2026-05-01 07:42:26.818151+00
17	2	5	t	2026-05-01 07:42:26.818151+00	2026-05-01 07:42:26.818151+00
18	2	6	t	2026-05-01 07:42:26.818151+00	2026-05-01 07:42:26.818151+00
19	2	7	t	2026-05-01 07:42:26.818151+00	2026-05-01 07:42:26.818151+00
20	2	8	t	2026-05-01 07:42:26.818151+00	2026-05-01 07:42:26.818151+00
21	2	9	t	2026-05-01 07:42:26.818151+00	2026-05-01 07:42:26.818151+00
22	2	10	t	2026-05-01 07:42:26.818151+00	2026-05-01 07:42:26.818151+00
23	2	11	t	2026-05-01 07:42:26.818151+00	2026-05-01 07:42:26.818151+00
24	2	12	t	2026-05-01 07:42:26.818151+00	2026-05-01 07:42:26.818151+00
73	7	1	t	2026-05-31 22:44:50.372861+00	2026-05-31 22:44:50.372861+00
74	7	2	t	2026-05-31 22:44:50.372861+00	2026-05-31 22:44:50.372861+00
75	7	3	t	2026-05-31 22:44:50.372861+00	2026-05-31 22:44:50.372861+00
76	7	4	t	2026-05-31 22:44:50.372861+00	2026-05-31 22:44:50.372861+00
77	7	5	t	2026-05-31 22:44:50.372861+00	2026-05-31 22:44:50.372861+00
78	7	6	t	2026-05-31 22:44:50.372861+00	2026-05-31 22:44:50.372861+00
79	7	7	t	2026-05-31 22:44:50.372861+00	2026-05-31 22:44:50.372861+00
80	7	8	t	2026-05-31 22:44:50.372861+00	2026-05-31 22:44:50.372861+00
81	7	9	t	2026-05-31 22:44:50.372861+00	2026-05-31 22:44:50.372861+00
82	7	10	t	2026-05-31 22:44:50.372861+00	2026-05-31 22:44:50.372861+00
83	7	11	t	2026-05-31 22:44:50.372861+00	2026-05-31 22:44:50.372861+00
84	7	12	t	2026-05-31 22:44:50.372861+00	2026-05-31 22:44:50.372861+00
181	16	1	t	2026-05-31 23:34:51.547711+00	2026-05-31 23:34:51.547711+00
182	16	2	t	2026-05-31 23:34:51.547711+00	2026-05-31 23:34:51.547711+00
25	3	1	t	2026-05-01 08:09:11.143451+00	2026-05-01 08:09:11.143451+00
26	3	2	t	2026-05-01 08:09:11.143451+00	2026-05-01 08:09:11.143451+00
27	3	3	t	2026-05-01 08:09:11.143451+00	2026-05-01 08:09:11.143451+00
28	3	4	t	2026-05-01 08:09:11.143451+00	2026-05-01 08:09:11.143451+00
29	3	5	t	2026-05-01 08:09:11.143451+00	2026-05-01 08:09:11.143451+00
30	3	6	t	2026-05-01 08:09:11.143451+00	2026-05-01 08:09:11.143451+00
31	3	7	t	2026-05-01 08:09:11.143451+00	2026-05-01 08:09:11.143451+00
32	3	8	t	2026-05-01 08:09:11.143451+00	2026-05-01 08:09:11.143451+00
35	3	11	t	2026-05-01 08:09:11.143451+00	2026-05-01 08:09:11.143451+00
36	3	12	t	2026-05-01 08:09:11.143451+00	2026-05-01 08:09:11.143451+00
183	16	3	t	2026-05-31 23:34:51.547711+00	2026-05-31 23:34:51.547711+00
184	16	4	t	2026-05-31 23:34:51.547711+00	2026-05-31 23:34:51.547711+00
33	3	9	t	2026-05-01 08:09:11.143451+00	2026-05-01 09:03:19.789521+00
34	3	10	t	2026-05-01 08:09:11.143451+00	2026-05-01 09:03:19.789521+00
37	4	1	t	2026-05-01 09:05:30.86299+00	2026-05-01 09:05:30.86299+00
38	4	2	t	2026-05-01 09:05:30.86299+00	2026-05-01 09:05:30.86299+00
39	4	3	t	2026-05-01 09:05:30.86299+00	2026-05-01 09:05:30.86299+00
40	4	4	t	2026-05-01 09:05:30.86299+00	2026-05-01 09:05:30.86299+00
41	4	5	t	2026-05-01 09:05:30.86299+00	2026-05-01 09:05:30.86299+00
42	4	6	t	2026-05-01 09:05:30.86299+00	2026-05-01 09:05:30.86299+00
43	4	7	t	2026-05-01 09:05:30.86299+00	2026-05-01 09:05:30.86299+00
44	4	8	t	2026-05-01 09:05:30.86299+00	2026-05-01 09:05:30.86299+00
45	4	9	t	2026-05-01 09:05:30.86299+00	2026-05-01 09:05:30.86299+00
46	4	10	t	2026-05-01 09:05:30.86299+00	2026-05-01 09:05:30.86299+00
47	4	11	t	2026-05-01 09:05:30.86299+00	2026-05-01 09:05:30.86299+00
48	4	12	t	2026-05-01 09:05:30.86299+00	2026-05-01 09:05:30.86299+00
49	5	1	t	2026-05-24 12:46:49.011997+00	2026-05-24 12:46:49.011997+00
50	5	2	t	2026-05-24 12:46:49.011997+00	2026-05-24 12:46:49.011997+00
51	5	3	t	2026-05-24 12:46:49.011997+00	2026-05-24 12:46:49.011997+00
52	5	4	t	2026-05-24 12:46:49.011997+00	2026-05-24 12:46:49.011997+00
53	5	5	t	2026-05-24 12:46:49.011997+00	2026-05-24 12:46:49.011997+00
54	5	6	t	2026-05-24 12:46:49.011997+00	2026-05-24 12:46:49.011997+00
55	5	7	t	2026-05-24 12:46:49.011997+00	2026-05-24 12:46:49.011997+00
56	5	8	t	2026-05-24 12:46:49.011997+00	2026-05-24 12:46:49.011997+00
57	5	9	t	2026-05-24 12:46:49.011997+00	2026-05-24 12:46:49.011997+00
58	5	10	t	2026-05-24 12:46:49.011997+00	2026-05-24 12:46:49.011997+00
59	5	11	t	2026-05-24 12:46:49.011997+00	2026-05-24 12:46:49.011997+00
60	5	12	t	2026-05-24 12:46:49.011997+00	2026-05-24 12:46:49.011997+00
185	16	5	t	2026-05-31 23:34:51.547711+00	2026-05-31 23:34:51.547711+00
186	16	6	t	2026-05-31 23:34:51.547711+00	2026-05-31 23:34:51.547711+00
187	16	7	t	2026-05-31 23:34:51.547711+00	2026-05-31 23:34:51.547711+00
188	16	8	t	2026-05-31 23:34:51.547711+00	2026-05-31 23:34:51.547711+00
189	16	9	t	2026-05-31 23:34:51.547711+00	2026-05-31 23:34:51.547711+00
190	16	10	t	2026-05-31 23:34:51.547711+00	2026-05-31 23:34:51.547711+00
191	16	11	t	2026-05-31 23:34:51.547711+00	2026-05-31 23:34:51.547711+00
192	16	12	t	2026-05-31 23:34:51.547711+00	2026-05-31 23:34:51.547711+00
193	17	1	t	2026-06-01 08:35:06.158175+00	2026-06-01 08:35:06.158175+00
194	17	2	t	2026-06-01 08:35:06.158175+00	2026-06-01 08:35:06.158175+00
195	17	3	t	2026-06-01 08:35:06.158175+00	2026-06-01 08:35:06.158175+00
196	17	4	t	2026-06-01 08:35:06.158175+00	2026-06-01 08:35:06.158175+00
197	17	5	t	2026-06-01 08:35:06.158175+00	2026-06-01 08:35:06.158175+00
198	17	6	t	2026-06-01 08:35:06.158175+00	2026-06-01 08:35:06.158175+00
199	17	7	t	2026-06-01 08:35:06.158175+00	2026-06-01 08:35:06.158175+00
200	17	8	t	2026-06-01 08:35:06.158175+00	2026-06-01 08:35:06.158175+00
201	17	9	t	2026-06-01 08:35:06.158175+00	2026-06-01 08:35:06.158175+00
202	17	10	t	2026-06-01 08:35:06.158175+00	2026-06-01 08:35:06.158175+00
203	17	11	t	2026-06-01 08:35:06.158175+00	2026-06-01 08:35:06.158175+00
204	17	12	t	2026-06-01 08:35:06.158175+00	2026-06-01 08:35:06.158175+00
\.


--
-- Data for Name: chats; Type: TABLE DATA; Schema: public; Owner: events_bot
--

COPY public.chats (id, telegram_chat_id, title, username, chat_type, is_active, created_by_user_id, created_at, updated_at, setup_message_id, registration_status, permissions_status, categories_selected) FROM stdin;
2	7015853923	\N	emkaept	private	t	1	2026-05-01 07:42:26.818151+00	2026-05-01 07:42:26.818151+00	\N	pending_permissions	\N	f
3	-5049665102	sdf	\N	group	t	1	2026-05-01 08:09:11.143451+00	2026-05-24 08:49:24.117827+00	\N	pending_permissions	\N	f
4	-1003916698978	ntd	\N	supergroup	f	2	2026-05-01 09:05:30.86299+00	2026-05-25 12:21:15.387099+00	\N	pending_permissions	\N	f
5	-5140385874	srth	\N	group	t	\N	2026-05-24 12:46:49.011997+00	2026-05-24 12:46:55.517737+00	\N	pending_permissions	\N	f
7	-5184893637	DF	\N	group	t	1	2026-05-31 22:44:50.372861+00	2026-05-31 22:44:50.372861+00	5143	pending_permissions	{"can_delete_messages": false, "can_edit_messages": false, "can_pin_messages": false}	f
16	-1003715363439	DF	\N	supergroup	t	1	2026-05-31 23:34:51.547711+00	2026-05-31 23:35:04.139445+00	\N	setup_complete	{"can_delete_messages": true, "can_edit_messages": true, "can_pin_messages": true}	t
17	-1003943049372	NU Events dev	\N	supergroup	t	61	2026-06-01 08:35:06.158175+00	2026-06-01 08:43:32.248856+00	\N	setup_complete	{"can_delete_messages": true, "can_edit_messages": true, "can_pin_messages": true}	t
\.


--
-- Data for Name: clubs; Type: TABLE DATA; Schema: public; Owner: events_bot
--

COPY public.clubs (id, name, description, owner_user_id, contact_link, is_active, created_at, updated_at) FROM stdin;
\.


--
-- Data for Name: comments; Type: TABLE DATA; Schema: public; Owner: events_bot
--

COPY public.comments (id, user_id, event_id, content, created_at, updated_at, deleted_at, deleted_by_user_id, delete_reason) FROM stdin;
8	2	17	Crazy	2026-05-29 09:44:31.849667+00	2026-05-29 09:44:31.849667+00	\N	\N	\N
10	1	17	Cool	2026-05-30 10:56:07.948114+00	2026-05-30 10:56:07.948114+00	\N	\N	\N
12	1	15	wow	2026-05-30 22:20:28.525449+00	2026-05-30 22:20:28.525449+00	\N	\N	\N
13	1	33	Sddfs	2026-05-30 22:20:36.574244+00	2026-05-30 22:20:36.574244+00	\N	\N	\N
\.


--
-- Data for Name: dashboard_messages; Type: TABLE DATA; Schema: public; Owner: events_bot
--

COPY public.dashboard_messages (id, chat_id, message_id, last_rendered_at, last_render_hash, created_at, updated_at) FROM stdin;
2	3	1085	2026-06-01 00:16:32.947007+00	88cf4c4e059e68ceea12f1efab02dcf5a17d0560e0a2fd53858cc90b1ecfd167	2026-05-01 08:09:21.798913+00	2026-06-01 00:16:32.629575+00
5	5	971	2026-06-01 00:16:33.40986+00	88cf4c4e059e68ceea12f1efab02dcf5a17d0560e0a2fd53858cc90b1ecfd167	2026-05-24 12:46:57.314201+00	2026-06-01 00:16:33.109597+00
11	16	42	2026-06-02 12:38:50.154273+00	a2cb573751eb5eeca473eb82f5f1cd70b2c41f9a8529c966d001c76dc682967b	2026-05-31 23:35:04.139445+00	2026-06-02 12:38:49.774592+00
12	17	91	2026-06-02 12:38:50.644413+00	a2cb573751eb5eeca473eb82f5f1cd70b2c41f9a8529c966d001c76dc682967b	2026-06-01 08:43:32.248856+00	2026-06-02 12:38:50.319058+00
4	2	4440	2026-05-31 11:37:55.843919+00	321425056b8190ed555170609d117b7abbecd49e31d0a9d762e9505f3749ae03	2026-05-01 09:40:33.396881+00	2026-05-31 11:37:55.524557+00
3	4	18	2026-05-24 08:43:49.601827+00	be53187d95ba10c6b1c8c2b56a43840acc8b3b1e8b609dac1ac24badbf85dbe5	2026-05-01 09:08:52.690794+00	2026-05-24 08:43:49.465714+00
\.


--
-- Data for Name: email_verification_codes; Type: TABLE DATA; Schema: public; Owner: events_bot
--

COPY public.email_verification_codes (id, user_id, email, code_hash, attempts, expires_at, created_at) FROM stdin;
\.


--
-- Data for Name: event_analytics; Type: TABLE DATA; Schema: public; Owner: events_bot
--

COPY public.event_analytics (id, event_id, user_id, action, source, chat_id, created_at, updated_at) FROM stdin;
1236	17	1	favorite_add	miniapp	\N	2026-05-27 22:45:09.512556+00	2026-05-27 22:45:09.512556+00
1237	17	1	favorite_remove	miniapp	\N	2026-05-27 22:45:10.150443+00	2026-05-27 22:45:10.150443+00
1238	17	1	favorite_add	miniapp	\N	2026-05-27 22:45:11.693768+00	2026-05-27 22:45:11.693768+00
1239	17	1	open	miniapp	\N	2026-05-27 22:45:41.717479+00	2026-05-27 22:45:41.717479+00
1240	17	1	favorite_remove	miniapp	\N	2026-05-27 22:45:44.495813+00	2026-05-27 22:45:44.495813+00
1241	17	1	favorite_add	miniapp	\N	2026-05-27 22:45:45.22541+00	2026-05-27 22:45:45.22541+00
1242	17	1	favorite_remove	miniapp	\N	2026-05-27 22:45:45.879762+00	2026-05-27 22:45:45.879762+00
1243	17	1	favorite_add	miniapp	\N	2026-05-27 22:45:46.349771+00	2026-05-27 22:45:46.349771+00
9	15	1	open	deep_link	7015853923	2026-05-25 00:48:39.492306+00	2026-05-25 00:48:39.492306+00
10	15	1	open	deep_link	7015853923	2026-05-25 00:49:15.867601+00	2026-05-25 00:49:15.867601+00
11	15	1	open	deep_link	7015853923	2026-05-25 00:49:39.543446+00	2026-05-25 00:49:39.543446+00
12	15	1	open	deep_link	7015853923	2026-05-25 00:50:31.01034+00	2026-05-25 00:50:31.01034+00
13	15	1	open	deep_link	7015853923	2026-05-25 00:52:52.769318+00	2026-05-25 00:52:52.769318+00
14	15	1	open	deep_link	7015853923	2026-05-25 00:53:14.407719+00	2026-05-25 00:53:14.407719+00
15	17	1	share_click	miniapp	\N	2026-05-25 08:50:20.528014+00	2026-05-25 08:50:20.528014+00
16	17	1	reminder_click	event_page	-5049665102	2026-05-25 08:55:21.379041+00	2026-05-25 08:55:21.379041+00
17	15	1	reminder_click	miniapp	\N	2026-05-25 08:55:31.120712+00	2026-05-25 08:55:31.120712+00
18	15	1	reminder_click	miniapp	\N	2026-05-25 08:55:33.760502+00	2026-05-25 08:55:33.760502+00
19	15	1	share_click	miniapp	\N	2026-05-25 08:55:35.868202+00	2026-05-25 08:55:35.868202+00
20	15	\N	open	miniapp	\N	2026-05-25 12:11:19.285434+00	2026-05-25 12:11:19.285434+00
21	15	1	open	miniapp	\N	2026-05-25 12:13:26.087779+00	2026-05-25 12:13:26.087779+00
22	15	1	favorite_add	miniapp	\N	2026-05-25 12:13:58.328851+00	2026-05-25 12:13:58.328851+00
23	15	1	favorite_remove	miniapp	\N	2026-05-25 12:13:59.247102+00	2026-05-25 12:13:59.247102+00
24	15	1	favorite_add	miniapp	\N	2026-05-25 12:14:00.183445+00	2026-05-25 12:14:00.183445+00
25	15	1	favorite_remove	miniapp	\N	2026-05-25 12:14:01.354344+00	2026-05-25 12:14:01.354344+00
26	15	1	open	miniapp	\N	2026-05-25 12:14:37.239101+00	2026-05-25 12:14:37.239101+00
27	17	1	open	miniapp	\N	2026-05-25 12:15:58.940243+00	2026-05-25 12:15:58.940243+00
28	17	1	share_click	miniapp	\N	2026-05-25 12:16:10.354235+00	2026-05-25 12:16:10.354235+00
29	17	1	open	miniapp	\N	2026-05-25 12:16:18.270936+00	2026-05-25 12:16:18.270936+00
30	17	1	open	miniapp	\N	2026-05-25 12:16:22.282756+00	2026-05-25 12:16:22.282756+00
31	17	1	open	miniapp	\N	2026-05-25 12:16:30.805137+00	2026-05-25 12:16:30.805137+00
32	17	1	open	miniapp	\N	2026-05-25 12:16:36.019637+00	2026-05-25 12:16:36.019637+00
33	15	1	open	miniapp	\N	2026-05-25 12:16:56.121604+00	2026-05-25 12:16:56.121604+00
34	15	1	open	miniapp	\N	2026-05-25 12:17:16.693999+00	2026-05-25 12:17:16.693999+00
35	15	1	open	miniapp	\N	2026-05-25 12:17:48.079896+00	2026-05-25 12:17:48.079896+00
36	15	1	open	miniapp	\N	2026-05-25 12:20:21.379756+00	2026-05-25 12:20:21.379756+00
37	15	1	favorite_add	miniapp	\N	2026-05-25 12:20:29.998117+00	2026-05-25 12:20:29.998117+00
38	15	1	open	miniapp	\N	2026-05-25 12:20:40.015601+00	2026-05-25 12:20:40.015601+00
39	15	1	reminder_remove	miniapp	\N	2026-05-25 12:20:49.62577+00	2026-05-25 12:20:49.62577+00
40	15	1	open	miniapp	\N	2026-05-25 12:20:51.548253+00	2026-05-25 12:20:51.548253+00
41	15	1	reminder_create	miniapp	\N	2026-05-25 12:21:01.962911+00	2026-05-25 12:21:01.962911+00
42	15	1	open	miniapp	\N	2026-05-25 12:21:02.133012+00	2026-05-25 12:21:02.133012+00
43	15	1	reminder_create	miniapp	\N	2026-05-25 12:21:02.625753+00	2026-05-25 12:21:02.625753+00
44	15	1	open	miniapp	\N	2026-05-25 12:21:02.808926+00	2026-05-25 12:21:02.808926+00
45	15	1	reminder_create	miniapp	\N	2026-05-25 12:21:05.410334+00	2026-05-25 12:21:05.410334+00
46	15	1	open	miniapp	\N	2026-05-25 12:21:05.585547+00	2026-05-25 12:21:05.585547+00
47	15	1	reminder_remove	miniapp	\N	2026-05-25 12:21:20.84897+00	2026-05-25 12:21:20.84897+00
48	15	1	reminder_remove	miniapp	\N	2026-05-25 12:21:22.801632+00	2026-05-25 12:21:22.801632+00
49	15	1	reminder_remove	miniapp	\N	2026-05-25 12:21:24.313974+00	2026-05-25 12:21:24.313974+00
50	17	1	open	miniapp	\N	2026-05-25 12:21:38.781684+00	2026-05-25 12:21:38.781684+00
51	17	1	share_click	miniapp	\N	2026-05-25 12:21:40.473475+00	2026-05-25 12:21:40.473475+00
52	17	1	favorite_add	miniapp	\N	2026-05-25 12:22:49.983134+00	2026-05-25 12:22:49.983134+00
53	17	1	favorite_remove	miniapp	\N	2026-05-25 12:22:50.662266+00	2026-05-25 12:22:50.662266+00
54	15	1	open	miniapp	\N	2026-05-25 12:23:15.221789+00	2026-05-25 12:23:15.221789+00
55	15	1	open	miniapp	\N	2026-05-25 12:23:23.772721+00	2026-05-25 12:23:23.772721+00
56	15	1	open	miniapp	\N	2026-05-25 12:23:37.960285+00	2026-05-25 12:23:37.960285+00
57	17	1	open	miniapp	\N	2026-05-25 12:23:43.361253+00	2026-05-25 12:23:43.361253+00
58	15	1	open	miniapp	\N	2026-05-25 12:23:45.81585+00	2026-05-25 12:23:45.81585+00
59	15	1	share_click	miniapp	\N	2026-05-25 12:23:52.535945+00	2026-05-25 12:23:52.535945+00
60	15	1	open	miniapp	\N	2026-05-25 12:24:00.791412+00	2026-05-25 12:24:00.791412+00
61	15	1	favorite_remove	miniapp	\N	2026-05-25 12:24:26.030019+00	2026-05-25 12:24:26.030019+00
62	15	1	favorite_add	miniapp	\N	2026-05-25 12:24:26.684475+00	2026-05-25 12:24:26.684475+00
63	15	1	favorite_remove	miniapp	\N	2026-05-25 12:24:28.094347+00	2026-05-25 12:24:28.094347+00
64	15	1	favorite_add	miniapp	\N	2026-05-25 12:25:05.433835+00	2026-05-25 12:25:05.433835+00
65	15	1	favorite_remove	miniapp	\N	2026-05-25 12:25:06.145982+00	2026-05-25 12:25:06.145982+00
66	15	1	share_click	miniapp	\N	2026-05-25 12:25:34.477987+00	2026-05-25 12:25:34.477987+00
67	17	1	open	miniapp	\N	2026-05-25 12:25:40.158417+00	2026-05-25 12:25:40.158417+00
68	15	1	open	miniapp	\N	2026-05-25 12:27:32.260657+00	2026-05-25 12:27:32.260657+00
69	15	1	open	miniapp	\N	2026-05-25 12:27:36.173029+00	2026-05-25 12:27:36.173029+00
70	17	1	open	miniapp	\N	2026-05-25 12:28:33.319489+00	2026-05-25 12:28:33.319489+00
71	15	1	open	miniapp	\N	2026-05-25 12:28:53.224689+00	2026-05-25 12:28:53.224689+00
72	15	1	open	miniapp	\N	2026-05-25 12:30:06.240613+00	2026-05-25 12:30:06.240613+00
73	15	1	open	miniapp	\N	2026-05-25 12:30:56.29652+00	2026-05-25 12:30:56.29652+00
74	15	1	favorite_add	miniapp	\N	2026-05-25 12:31:02.211478+00	2026-05-25 12:31:02.211478+00
75	15	1	favorite_remove	miniapp	\N	2026-05-25 12:31:03.484264+00	2026-05-25 12:31:03.484264+00
76	15	1	favorite_add	miniapp	\N	2026-05-25 12:31:04.143851+00	2026-05-25 12:31:04.143851+00
77	15	1	favorite_remove	miniapp	\N	2026-05-25 12:31:05.080856+00	2026-05-25 12:31:05.080856+00
78	15	1	favorite_add	miniapp	\N	2026-05-25 12:31:05.696661+00	2026-05-25 12:31:05.696661+00
79	15	1	favorite_remove	miniapp	\N	2026-05-25 12:31:06.642043+00	2026-05-25 12:31:06.642043+00
80	15	1	favorite_add	miniapp	\N	2026-05-25 12:31:08.382853+00	2026-05-25 12:31:08.382853+00
81	15	1	favorite_remove	miniapp	\N	2026-05-25 12:31:09.172338+00	2026-05-25 12:31:09.172338+00
82	15	1	favorite_add	miniapp	\N	2026-05-25 12:31:09.774272+00	2026-05-25 12:31:09.774272+00
83	15	1	favorite_remove	miniapp	\N	2026-05-25 12:31:10.538474+00	2026-05-25 12:31:10.538474+00
84	15	1	open	miniapp	\N	2026-05-25 12:32:08.605892+00	2026-05-25 12:32:08.605892+00
85	15	1	favorite_add	miniapp	\N	2026-05-25 12:32:12.299168+00	2026-05-25 12:32:12.299168+00
86	15	1	favorite_remove	miniapp	\N	2026-05-25 12:32:13.250087+00	2026-05-25 12:32:13.250087+00
87	15	1	favorite_add	miniapp	\N	2026-05-25 12:32:14.529602+00	2026-05-25 12:32:14.529602+00
88	15	1	favorite_remove	miniapp	\N	2026-05-25 12:32:15.273942+00	2026-05-25 12:32:15.273942+00
89	15	1	favorite_add	miniapp	\N	2026-05-25 12:32:40.978976+00	2026-05-25 12:32:40.978976+00
90	15	1	favorite_remove	miniapp	\N	2026-05-25 12:32:41.716014+00	2026-05-25 12:32:41.716014+00
91	15	1	open	miniapp	\N	2026-05-25 12:32:55.905716+00	2026-05-25 12:32:55.905716+00
92	15	1	favorite_add	miniapp	\N	2026-05-25 12:32:57.468015+00	2026-05-25 12:32:57.468015+00
93	15	1	open	miniapp	\N	2026-05-25 12:33:02.236652+00	2026-05-25 12:33:02.236652+00
94	15	1	open	miniapp	\N	2026-05-25 12:33:04.486687+00	2026-05-25 12:33:04.486687+00
95	15	1	favorite_remove	miniapp	\N	2026-05-25 12:33:11.7468+00	2026-05-25 12:33:11.7468+00
96	15	1	favorite_add	miniapp	\N	2026-05-25 12:33:12.926896+00	2026-05-25 12:33:12.926896+00
97	15	1	favorite_remove	miniapp	\N	2026-05-25 12:33:14.221747+00	2026-05-25 12:33:14.221747+00
98	15	1	favorite_add	miniapp	\N	2026-05-25 12:33:14.907756+00	2026-05-25 12:33:14.907756+00
99	15	1	favorite_remove	miniapp	\N	2026-05-25 12:33:16.239465+00	2026-05-25 12:33:16.239465+00
100	15	1	favorite_add	miniapp	\N	2026-05-25 12:33:18.891074+00	2026-05-25 12:33:18.891074+00
101	15	1	favorite_remove	miniapp	\N	2026-05-25 12:33:19.370886+00	2026-05-25 12:33:19.370886+00
102	15	1	favorite_add	miniapp	\N	2026-05-25 12:33:22.853907+00	2026-05-25 12:33:22.853907+00
103	15	1	favorite_remove	miniapp	\N	2026-05-25 12:33:23.6443+00	2026-05-25 12:33:23.6443+00
104	17	1	open	miniapp	\N	2026-05-25 12:33:25.749057+00	2026-05-25 12:33:25.749057+00
105	17	1	favorite_add	miniapp	\N	2026-05-25 12:33:28.091026+00	2026-05-25 12:33:28.091026+00
106	17	1	favorite_remove	miniapp	\N	2026-05-25 12:33:29.178695+00	2026-05-25 12:33:29.178695+00
107	15	1	open	miniapp	\N	2026-05-25 12:33:36.150028+00	2026-05-25 12:33:36.150028+00
108	15	1	open	miniapp	\N	2026-05-25 12:33:57.058241+00	2026-05-25 12:33:57.058241+00
109	15	1	open	miniapp	\N	2026-05-25 12:34:38.146664+00	2026-05-25 12:34:38.146664+00
110	15	1	open	miniapp	\N	2026-05-25 12:35:13.999662+00	2026-05-25 12:35:13.999662+00
111	15	1	favorite_add	miniapp	\N	2026-05-25 12:35:51.298413+00	2026-05-25 12:35:51.298413+00
112	15	1	favorite_remove	miniapp	\N	2026-05-25 12:35:52.088319+00	2026-05-25 12:35:52.088319+00
113	15	1	open	miniapp	\N	2026-05-25 12:36:45.676493+00	2026-05-25 12:36:45.676493+00
114	15	1	open	miniapp	\N	2026-05-25 12:38:53.038262+00	2026-05-25 12:38:53.038262+00
115	15	1	favorite_add	miniapp	\N	2026-05-25 12:38:59.819424+00	2026-05-25 12:38:59.819424+00
116	15	1	favorite_remove	miniapp	\N	2026-05-25 12:39:00.904156+00	2026-05-25 12:39:00.904156+00
117	15	1	favorite_add	miniapp	\N	2026-05-25 12:39:03.302736+00	2026-05-25 12:39:03.302736+00
118	15	1	favorite_remove	miniapp	\N	2026-05-25 12:39:04.2165+00	2026-05-25 12:39:04.2165+00
119	15	1	favorite_add	miniapp	\N	2026-05-25 12:39:04.799922+00	2026-05-25 12:39:04.799922+00
120	15	1	favorite_remove	miniapp	\N	2026-05-25 12:39:05.588453+00	2026-05-25 12:39:05.588453+00
121	15	1	open	miniapp	\N	2026-05-25 12:40:55.12089+00	2026-05-25 12:40:55.12089+00
122	15	1	open	miniapp	\N	2026-05-25 12:41:19.393617+00	2026-05-25 12:41:19.393617+00
123	15	1	favorite_add	miniapp	\N	2026-05-25 12:41:26.640379+00	2026-05-25 12:41:26.640379+00
124	15	1	favorite_remove	miniapp	\N	2026-05-25 12:41:27.438442+00	2026-05-25 12:41:27.438442+00
125	15	1	favorite_add	miniapp	\N	2026-05-25 12:41:27.96902+00	2026-05-25 12:41:27.96902+00
126	15	1	favorite_remove	miniapp	\N	2026-05-25 12:41:28.884633+00	2026-05-25 12:41:28.884633+00
127	15	1	favorite_add	miniapp	\N	2026-05-25 12:41:29.388667+00	2026-05-25 12:41:29.388667+00
128	15	1	favorite_remove	miniapp	\N	2026-05-25 12:41:30.119117+00	2026-05-25 12:41:30.119117+00
129	17	1	open	miniapp	\N	2026-05-25 12:41:53.117375+00	2026-05-25 12:41:53.117375+00
130	17	1	favorite_add	miniapp	\N	2026-05-25 12:41:54.067454+00	2026-05-25 12:41:54.067454+00
131	17	1	open	miniapp	\N	2026-05-25 12:44:44.759479+00	2026-05-25 12:44:44.759479+00
132	17	1	favorite_remove	miniapp	\N	2026-05-25 12:44:45.561865+00	2026-05-25 12:44:45.561865+00
133	15	1	open	miniapp	\N	2026-05-25 12:53:11.09371+00	2026-05-25 12:53:11.09371+00
134	15	1	open	miniapp	\N	2026-05-25 12:58:49.706294+00	2026-05-25 12:58:49.706294+00
135	15	1	favorite_add	miniapp	\N	2026-05-25 12:58:52.381374+00	2026-05-25 12:58:52.381374+00
136	15	1	favorite_remove	miniapp	\N	2026-05-25 12:58:53.105374+00	2026-05-25 12:58:53.105374+00
137	15	1	open	miniapp	\N	2026-05-25 13:03:20.580684+00	2026-05-25 13:03:20.580684+00
138	15	1	open	miniapp	\N	2026-05-25 13:03:23.650813+00	2026-05-25 13:03:23.650813+00
139	15	1	open	miniapp	\N	2026-05-25 13:03:25.852674+00	2026-05-25 13:03:25.852674+00
140	15	1	open	miniapp	\N	2026-05-25 13:03:28.449919+00	2026-05-25 13:03:28.449919+00
141	15	1	favorite_add	miniapp	\N	2026-05-25 13:03:30.576531+00	2026-05-25 13:03:30.576531+00
142	15	1	favorite_remove	miniapp	\N	2026-05-25 13:03:31.462571+00	2026-05-25 13:03:31.462571+00
143	17	1	open	miniapp	\N	2026-05-25 13:03:44.703501+00	2026-05-25 13:03:44.703501+00
144	17	1	open	miniapp	\N	2026-05-25 13:03:53.502204+00	2026-05-25 13:03:53.502204+00
145	15	1	open	miniapp	\N	2026-05-25 13:05:10.572046+00	2026-05-25 13:05:10.572046+00
146	15	1	open	miniapp	\N	2026-05-25 13:05:38.783197+00	2026-05-25 13:05:38.783197+00
147	15	1	open	miniapp	\N	2026-05-25 13:07:55.446477+00	2026-05-25 13:07:55.446477+00
148	15	1	favorite_add	miniapp	\N	2026-05-25 13:07:57.235864+00	2026-05-25 13:07:57.235864+00
149	15	1	open	miniapp	\N	2026-05-25 13:08:06.96705+00	2026-05-25 13:08:06.96705+00
150	15	1	open	miniapp	\N	2026-05-25 13:08:10.720031+00	2026-05-25 13:08:10.720031+00
151	15	1	open	miniapp	\N	2026-05-25 13:08:14.8665+00	2026-05-25 13:08:14.8665+00
152	15	1	open	miniapp	\N	2026-05-25 13:09:11.461892+00	2026-05-25 13:09:11.461892+00
153	15	1	favorite_remove	miniapp	\N	2026-05-25 13:09:12.332874+00	2026-05-25 13:09:12.332874+00
154	15	1	open	miniapp	\N	2026-05-25 13:09:19.761302+00	2026-05-25 13:09:19.761302+00
155	15	1	open	miniapp	\N	2026-05-25 13:09:36.56557+00	2026-05-25 13:09:36.56557+00
156	15	1	open	miniapp	\N	2026-05-25 13:09:56.693934+00	2026-05-25 13:09:56.693934+00
157	15	1	open	miniapp	\N	2026-05-25 13:10:35.448798+00	2026-05-25 13:10:35.448798+00
158	15	1	favorite_add	miniapp	\N	2026-05-25 13:10:39.617612+00	2026-05-25 13:10:39.617612+00
159	15	1	favorite_remove	miniapp	\N	2026-05-25 13:10:40.354378+00	2026-05-25 13:10:40.354378+00
160	15	1	favorite_add	miniapp	\N	2026-05-25 13:10:46.479886+00	2026-05-25 13:10:46.479886+00
161	15	1	open	miniapp	\N	2026-05-25 13:14:15.397466+00	2026-05-25 13:14:15.397466+00
162	15	1	favorite_remove	miniapp	\N	2026-05-25 13:14:17.520661+00	2026-05-25 13:14:17.520661+00
163	15	1	favorite_add	miniapp	\N	2026-05-25 13:14:18.129802+00	2026-05-25 13:14:18.129802+00
164	15	1	open	miniapp	\N	2026-05-25 13:18:31.041199+00	2026-05-25 13:18:31.041199+00
165	15	1	open	miniapp	\N	2026-05-25 13:20:00.92961+00	2026-05-25 13:20:00.92961+00
166	17	1	open	miniapp	\N	2026-05-25 13:21:18.446084+00	2026-05-25 13:21:18.446084+00
167	15	1	open	miniapp	\N	2026-05-25 13:21:39.789163+00	2026-05-25 13:21:39.789163+00
168	15	1	open	miniapp	\N	2026-05-25 13:26:35.599008+00	2026-05-25 13:26:35.599008+00
169	15	1	open	miniapp	\N	2026-05-25 13:27:00.337255+00	2026-05-25 13:27:00.337255+00
170	15	1	favorite_remove	miniapp	\N	2026-05-25 13:27:02.161183+00	2026-05-25 13:27:02.161183+00
171	15	1	favorite_add	miniapp	\N	2026-05-25 13:27:03.636501+00	2026-05-25 13:27:03.636501+00
172	15	1	favorite_remove	miniapp	\N	2026-05-25 13:27:04.301292+00	2026-05-25 13:27:04.301292+00
173	15	1	open	miniapp	\N	2026-05-25 13:27:06.53661+00	2026-05-25 13:27:06.53661+00
174	15	1	favorite_add	miniapp	\N	2026-05-25 13:27:10.45076+00	2026-05-25 13:27:10.45076+00
175	15	1	open	miniapp	\N	2026-05-25 13:27:16.13894+00	2026-05-25 13:27:16.13894+00
176	17	1	open	miniapp	\N	2026-05-25 13:27:39.226395+00	2026-05-25 13:27:39.226395+00
177	17	1	open	miniapp	\N	2026-05-25 13:28:42.750945+00	2026-05-25 13:28:42.750945+00
178	15	1	open	miniapp	\N	2026-05-25 13:30:15.605341+00	2026-05-25 13:30:15.605341+00
179	15	1	open	miniapp	\N	2026-05-25 13:30:18.291312+00	2026-05-25 13:30:18.291312+00
180	15	1	open	miniapp	\N	2026-05-25 13:30:26.456672+00	2026-05-25 13:30:26.456672+00
181	15	1	open	miniapp	\N	2026-05-25 13:34:59.321068+00	2026-05-25 13:34:59.321068+00
182	15	1	open	miniapp	\N	2026-05-25 13:35:25.482292+00	2026-05-25 13:35:25.482292+00
183	15	1	open	miniapp	\N	2026-05-25 13:38:47.168997+00	2026-05-25 13:38:47.168997+00
184	15	1	open	miniapp	\N	2026-05-25 13:39:12.010841+00	2026-05-25 13:39:12.010841+00
185	15	1	open	miniapp	\N	2026-05-25 13:39:19.650658+00	2026-05-25 13:39:19.650658+00
186	15	1	open	miniapp	\N	2026-05-25 13:46:32.07882+00	2026-05-25 13:46:32.07882+00
187	15	1	share_click	miniapp	\N	2026-05-25 13:49:19.036148+00	2026-05-25 13:49:19.036148+00
188	15	1	open	miniapp	\N	2026-05-25 13:49:30.481099+00	2026-05-25 13:49:30.481099+00
189	15	1	open	miniapp	\N	2026-05-25 14:11:20.457302+00	2026-05-25 14:11:20.457302+00
190	17	1	open	miniapp	\N	2026-05-25 14:13:22.762754+00	2026-05-25 14:13:22.762754+00
191	15	1	open	miniapp	\N	2026-05-25 14:13:34.313738+00	2026-05-25 14:13:34.313738+00
192	15	1	open	miniapp	\N	2026-05-25 14:13:49.453903+00	2026-05-25 14:13:49.453903+00
193	15	1	open	miniapp	\N	2026-05-25 14:13:54.896784+00	2026-05-25 14:13:54.896784+00
194	15	1	open	miniapp	\N	2026-05-25 14:16:17.168775+00	2026-05-25 14:16:17.168775+00
195	15	1	open	miniapp	\N	2026-05-25 14:18:00.555775+00	2026-05-25 14:18:00.555775+00
196	15	1	reminder_create	miniapp	\N	2026-05-25 14:19:02.068094+00	2026-05-25 14:19:02.068094+00
197	15	1	open	miniapp	\N	2026-05-25 14:19:02.253099+00	2026-05-25 14:19:02.253099+00
198	15	1	open	miniapp	\N	2026-05-25 14:19:19.929899+00	2026-05-25 14:19:19.929899+00
199	15	1	open	miniapp	\N	2026-05-25 14:19:39.394072+00	2026-05-25 14:19:39.394072+00
200	17	1	open	miniapp	\N	2026-05-25 14:20:20.848856+00	2026-05-25 14:20:20.848856+00
201	15	1	open	miniapp	\N	2026-05-25 14:20:24.368887+00	2026-05-25 14:20:24.368887+00
202	15	1	open	miniapp	\N	2026-05-25 14:21:23.666577+00	2026-05-25 14:21:23.666577+00
203	15	1	open	miniapp	\N	2026-05-25 14:33:41.471773+00	2026-05-25 14:33:41.471773+00
204	15	1	reminder_remove	miniapp	\N	2026-05-25 14:34:21.620842+00	2026-05-25 14:34:21.620842+00
205	15	1	open	miniapp	\N	2026-05-25 14:34:24.786888+00	2026-05-25 14:34:24.786888+00
206	15	1	reminder_create	miniapp	\N	2026-05-25 14:35:28.142314+00	2026-05-25 14:35:28.142314+00
207	15	1	open	miniapp	\N	2026-05-25 14:35:28.340692+00	2026-05-25 14:35:28.340692+00
208	15	1	open	miniapp	\N	2026-05-25 14:35:34.534108+00	2026-05-25 14:35:34.534108+00
209	15	1	open	miniapp	\N	2026-05-25 14:35:41.645205+00	2026-05-25 14:35:41.645205+00
210	15	1	reminder_remove	miniapp	\N	2026-05-25 14:35:48.297462+00	2026-05-25 14:35:48.297462+00
211	15	1	open	miniapp	\N	2026-05-25 14:35:51.907829+00	2026-05-25 14:35:51.907829+00
212	15	1	reminder_create	miniapp	\N	2026-05-25 14:39:07.332442+00	2026-05-25 14:39:07.332442+00
213	15	1	open	miniapp	\N	2026-05-25 14:39:07.527426+00	2026-05-25 14:39:07.527426+00
214	15	1	open	miniapp	\N	2026-05-25 14:39:13.570896+00	2026-05-25 14:39:13.570896+00
215	15	1	reminder_create	miniapp	\N	2026-05-25 14:40:52.82248+00	2026-05-25 14:40:52.82248+00
216	15	1	open	miniapp	\N	2026-05-25 14:40:53.021984+00	2026-05-25 14:40:53.021984+00
217	15	1	reminder_create	miniapp	\N	2026-05-25 14:40:55.773604+00	2026-05-25 14:40:55.773604+00
218	15	1	open	miniapp	\N	2026-05-25 14:40:55.948272+00	2026-05-25 14:40:55.948272+00
219	15	1	share_click	miniapp	\N	2026-05-25 14:42:37.079059+00	2026-05-25 14:42:37.079059+00
220	15	1	share_click	miniapp	\N	2026-05-25 14:42:41.367312+00	2026-05-25 14:42:41.367312+00
221	15	1	favorite_remove	miniapp	\N	2026-05-25 14:43:14.48074+00	2026-05-25 14:43:14.48074+00
222	15	1	favorite_add	miniapp	\N	2026-05-25 14:43:15.031856+00	2026-05-25 14:43:15.031856+00
223	17	1	open	miniapp	\N	2026-05-25 14:43:21.016091+00	2026-05-25 14:43:21.016091+00
224	17	1	favorite_add	miniapp	\N	2026-05-25 14:43:22.029495+00	2026-05-25 14:43:22.029495+00
225	17	1	favorite_remove	miniapp	\N	2026-05-25 14:43:23.968861+00	2026-05-25 14:43:23.968861+00
226	17	1	open	miniapp	\N	2026-05-25 14:43:26.590532+00	2026-05-25 14:43:26.590532+00
227	17	1	favorite_add	miniapp	\N	2026-05-25 14:43:27.572681+00	2026-05-25 14:43:27.572681+00
228	17	1	open	miniapp	\N	2026-05-25 14:43:32.797848+00	2026-05-25 14:43:32.797848+00
229	17	1	favorite_remove	miniapp	\N	2026-05-25 14:43:34.169053+00	2026-05-25 14:43:34.169053+00
230	17	1	open	miniapp	\N	2026-05-25 14:44:40.517684+00	2026-05-25 14:44:40.517684+00
231	15	1	open	miniapp	\N	2026-05-25 14:45:36.797678+00	2026-05-25 14:45:36.797678+00
232	15	1	open	miniapp	\N	2026-05-25 14:47:20.213011+00	2026-05-25 14:47:20.213011+00
233	15	1	open	miniapp	\N	2026-05-25 14:48:48.828843+00	2026-05-25 14:48:48.828843+00
234	15	1	reminder_remove	miniapp	\N	2026-05-25 14:50:21.959757+00	2026-05-25 14:50:21.959757+00
235	15	1	reminder_remove	miniapp	\N	2026-05-25 14:50:22.826079+00	2026-05-25 14:50:22.826079+00
236	15	1	reminder_remove	miniapp	\N	2026-05-25 14:50:25.522249+00	2026-05-25 14:50:25.522249+00
237	15	1	open	miniapp	\N	2026-05-25 14:50:28.895801+00	2026-05-25 14:50:28.895801+00
238	15	1	open	miniapp	\N	2026-05-25 14:51:43.419691+00	2026-05-25 14:51:43.419691+00
239	15	1	open	miniapp	\N	2026-05-25 14:52:02.489514+00	2026-05-25 14:52:02.489514+00
240	15	1	reminder_create	miniapp	\N	2026-05-25 14:52:15.848864+00	2026-05-25 14:52:15.848864+00
241	15	1	open	miniapp	\N	2026-05-25 14:52:16.021622+00	2026-05-25 14:52:16.021622+00
242	15	1	open	miniapp	\N	2026-05-25 14:52:30.875998+00	2026-05-25 14:52:30.875998+00
243	15	1	open	miniapp	\N	2026-05-25 14:54:12.491742+00	2026-05-25 14:54:12.491742+00
244	15	1	open	miniapp	\N	2026-05-25 14:55:21.873067+00	2026-05-25 14:55:21.873067+00
245	15	1	open	miniapp	\N	2026-05-25 14:56:54.872756+00	2026-05-25 14:56:54.872756+00
246	15	1	open	miniapp	\N	2026-05-25 14:57:09.297926+00	2026-05-25 14:57:09.297926+00
247	15	1	open	miniapp	\N	2026-05-25 14:59:04.903284+00	2026-05-25 14:59:04.903284+00
248	15	1	open	miniapp	\N	2026-05-25 14:59:24.55245+00	2026-05-25 14:59:24.55245+00
249	15	1	favorite_remove	miniapp	\N	2026-05-25 14:59:28.567815+00	2026-05-25 14:59:28.567815+00
250	15	1	favorite_add	miniapp	\N	2026-05-25 14:59:29.36423+00	2026-05-25 14:59:29.36423+00
251	15	1	open	miniapp	\N	2026-05-25 14:59:46.259202+00	2026-05-25 14:59:46.259202+00
252	15	1	open	miniapp	\N	2026-05-25 14:59:56.382278+00	2026-05-25 14:59:56.382278+00
253	15	1	favorite_remove	miniapp	\N	2026-05-25 14:59:57.525531+00	2026-05-25 14:59:57.525531+00
254	15	1	favorite_add	miniapp	\N	2026-05-25 14:59:57.79668+00	2026-05-25 14:59:57.79668+00
255	15	1	open	miniapp	\N	2026-05-25 15:00:14.163542+00	2026-05-25 15:00:14.163542+00
256	15	1	open	miniapp	\N	2026-05-25 15:00:24.726148+00	2026-05-25 15:00:24.726148+00
257	15	1	open	miniapp	\N	2026-05-25 15:00:46.300806+00	2026-05-25 15:00:46.300806+00
258	15	1	open	miniapp	\N	2026-05-25 15:02:04.923302+00	2026-05-25 15:02:04.923302+00
259	15	1	open	miniapp	\N	2026-05-25 15:03:05.294487+00	2026-05-25 15:03:05.294487+00
260	15	1	open	miniapp	\N	2026-05-25 15:03:08.696308+00	2026-05-25 15:03:08.696308+00
261	15	1	open	miniapp	\N	2026-05-25 15:17:36.122677+00	2026-05-25 15:17:36.122677+00
262	15	1	open	miniapp	\N	2026-05-25 15:17:51.125284+00	2026-05-25 15:17:51.125284+00
263	15	1	open	miniapp	\N	2026-05-25 15:17:59.983164+00	2026-05-25 15:17:59.983164+00
264	15	1	open	miniapp	\N	2026-05-25 15:18:05.689782+00	2026-05-25 15:18:05.689782+00
265	15	1	open	miniapp	\N	2026-05-25 15:20:28.979252+00	2026-05-25 15:20:28.979252+00
266	15	1	open	miniapp	\N	2026-05-25 15:20:36.414984+00	2026-05-25 15:20:36.414984+00
267	15	1	open	miniapp	\N	2026-05-25 15:20:43.182388+00	2026-05-25 15:20:43.182388+00
268	15	1	share_click	miniapp	\N	2026-05-25 15:20:59.285517+00	2026-05-25 15:20:59.285517+00
269	15	1	open	miniapp	\N	2026-05-25 15:21:05.696716+00	2026-05-25 15:21:05.696716+00
270	15	1	open	miniapp	\N	2026-05-25 15:21:47.566516+00	2026-05-25 15:21:47.566516+00
271	15	1	open	miniapp	\N	2026-05-25 15:21:51.524009+00	2026-05-25 15:21:51.524009+00
272	15	1	open	miniapp	\N	2026-05-25 15:21:55.097252+00	2026-05-25 15:21:55.097252+00
273	15	1	open	miniapp	\N	2026-05-25 15:22:03.463128+00	2026-05-25 15:22:03.463128+00
274	15	1	open	miniapp	\N	2026-05-25 15:23:13.943839+00	2026-05-25 15:23:13.943839+00
275	15	1	open	miniapp	\N	2026-05-25 15:23:49.030844+00	2026-05-25 15:23:49.030844+00
276	15	1	open	miniapp	\N	2026-05-25 15:24:33.633715+00	2026-05-25 15:24:33.633715+00
277	15	1	open	miniapp	\N	2026-05-25 15:24:42.086581+00	2026-05-25 15:24:42.086581+00
278	15	1	open	miniapp	\N	2026-05-25 15:27:08.866515+00	2026-05-25 15:27:08.866515+00
279	15	1	open	miniapp	\N	2026-05-25 15:27:11.959001+00	2026-05-25 15:27:11.959001+00
280	15	1	open	miniapp	\N	2026-05-25 15:29:50.376485+00	2026-05-25 15:29:50.376485+00
281	15	1	open	miniapp	\N	2026-05-25 15:31:11.558367+00	2026-05-25 15:31:11.558367+00
282	15	1	open	miniapp	\N	2026-05-25 15:31:25.431234+00	2026-05-25 15:31:25.431234+00
283	15	1	open	miniapp	\N	2026-05-25 15:31:32.246581+00	2026-05-25 15:31:32.246581+00
284	15	1	open	miniapp	\N	2026-05-25 15:31:35.57689+00	2026-05-25 15:31:35.57689+00
285	15	1	open	miniapp	\N	2026-05-25 15:31:45.384666+00	2026-05-25 15:31:45.384666+00
286	15	1	open	miniapp	\N	2026-05-25 15:31:48.048118+00	2026-05-25 15:31:48.048118+00
287	15	1	open	miniapp	\N	2026-05-25 15:31:53.055429+00	2026-05-25 15:31:53.055429+00
288	15	1	share_click	miniapp	\N	2026-05-25 15:32:03.986114+00	2026-05-25 15:32:03.986114+00
289	17	1	open	miniapp	\N	2026-05-25 15:32:10.963033+00	2026-05-25 15:32:10.963033+00
290	15	1	open	miniapp	\N	2026-05-25 15:33:43.029516+00	2026-05-25 15:33:43.029516+00
291	15	1	open	miniapp	\N	2026-05-25 15:33:48.180147+00	2026-05-25 15:33:48.180147+00
292	15	1	open	miniapp	\N	2026-05-25 15:34:03.657937+00	2026-05-25 15:34:03.657937+00
293	15	1	open	miniapp	\N	2026-05-25 15:34:22.678763+00	2026-05-25 15:34:22.678763+00
294	15	1	open	miniapp	\N	2026-05-25 15:35:50.492416+00	2026-05-25 15:35:50.492416+00
295	15	1	open	miniapp	\N	2026-05-25 15:37:24.399559+00	2026-05-25 15:37:24.399559+00
296	15	1	open	miniapp	\N	2026-05-25 15:37:31.574814+00	2026-05-25 15:37:31.574814+00
297	15	1	open	miniapp	\N	2026-05-25 15:37:38.259648+00	2026-05-25 15:37:38.259648+00
298	15	1	open	miniapp	\N	2026-05-25 15:38:06.606702+00	2026-05-25 15:38:06.606702+00
299	15	1	open	miniapp	\N	2026-05-25 15:38:59.596937+00	2026-05-25 15:38:59.596937+00
300	15	1	open	miniapp	\N	2026-05-25 15:39:19.528777+00	2026-05-25 15:39:19.528777+00
301	15	1	open	miniapp	\N	2026-05-25 15:39:46.465328+00	2026-05-25 15:39:46.465328+00
302	15	1	open	miniapp	\N	2026-05-25 15:42:13.950767+00	2026-05-25 15:42:13.950767+00
303	15	1	favorite_remove	miniapp	\N	2026-05-25 15:42:21.939441+00	2026-05-25 15:42:21.939441+00
304	15	1	open	miniapp	\N	2026-05-25 15:42:24.418677+00	2026-05-25 15:42:24.418677+00
305	15	1	favorite_add	miniapp	\N	2026-05-25 15:42:26.193023+00	2026-05-25 15:42:26.193023+00
306	15	1	open	miniapp	\N	2026-05-25 15:45:05.764225+00	2026-05-25 15:45:05.764225+00
307	15	1	open	miniapp	\N	2026-05-25 15:46:29.456561+00	2026-05-25 15:46:29.456561+00
308	15	1	open	miniapp	\N	2026-05-25 15:48:44.740941+00	2026-05-25 15:48:44.740941+00
309	15	1	open	miniapp	\N	2026-05-25 15:50:50.976097+00	2026-05-25 15:50:50.976097+00
310	15	1	open	miniapp	\N	2026-05-25 15:53:31.432518+00	2026-05-25 15:53:31.432518+00
311	15	1	open	miniapp	\N	2026-05-25 15:54:21.733587+00	2026-05-25 15:54:21.733587+00
312	15	1	open	miniapp	\N	2026-05-25 15:57:25.431036+00	2026-05-25 15:57:25.431036+00
313	15	1	favorite_remove	miniapp	\N	2026-05-25 15:57:35.342234+00	2026-05-25 15:57:35.342234+00
314	17	1	open	miniapp	\N	2026-05-25 15:57:37.907309+00	2026-05-25 15:57:37.907309+00
315	17	1	favorite_add	miniapp	\N	2026-05-25 15:57:39.262954+00	2026-05-25 15:57:39.262954+00
316	17	1	open	miniapp	\N	2026-05-25 15:59:54.904428+00	2026-05-25 15:59:54.904428+00
317	15	1	open	miniapp	\N	2026-05-25 16:03:35.617195+00	2026-05-25 16:03:35.617195+00
318	15	1	open	miniapp	\N	2026-05-25 16:04:07.376411+00	2026-05-25 16:04:07.376411+00
319	15	1	favorite_add	miniapp	\N	2026-05-25 16:04:08.421791+00	2026-05-25 16:04:08.421791+00
320	17	1	favorite_remove	miniapp	\N	2026-05-25 16:06:06.496307+00	2026-05-25 16:06:06.496307+00
321	15	1	open	miniapp	\N	2026-05-25 16:12:01.055876+00	2026-05-25 16:12:01.055876+00
322	15	1	open	miniapp	\N	2026-05-25 16:12:23.045661+00	2026-05-25 16:12:23.045661+00
323	15	1	open	miniapp	\N	2026-05-25 16:13:04.374114+00	2026-05-25 16:13:04.374114+00
324	15	1	open	miniapp	\N	2026-05-25 16:16:50.493452+00	2026-05-25 16:16:50.493452+00
325	15	1	favorite_remove	miniapp	\N	2026-05-25 16:18:16.953321+00	2026-05-25 16:18:16.953321+00
326	15	1	open	miniapp	\N	2026-05-25 16:18:19.422578+00	2026-05-25 16:18:19.422578+00
327	15	1	favorite_add	miniapp	\N	2026-05-25 16:18:21.045524+00	2026-05-25 16:18:21.045524+00
328	15	1	open	miniapp	\N	2026-05-25 16:18:28.936333+00	2026-05-25 16:18:28.936333+00
329	15	1	open	miniapp	\N	2026-05-25 16:20:24.238894+00	2026-05-25 16:20:24.238894+00
330	15	1	open	miniapp	\N	2026-05-25 16:21:30.205579+00	2026-05-25 16:21:30.205579+00
331	15	1	open	miniapp	\N	2026-05-25 16:21:34.935279+00	2026-05-25 16:21:34.935279+00
332	15	1	favorite_remove	miniapp	\N	2026-05-25 16:21:36.954596+00	2026-05-25 16:21:36.954596+00
333	15	1	open	miniapp	\N	2026-05-25 16:21:51.998508+00	2026-05-25 16:21:51.998508+00
334	15	1	open	miniapp	\N	2026-05-25 16:22:05.736603+00	2026-05-25 16:22:05.736603+00
335	15	1	favorite_add	miniapp	\N	2026-05-25 16:22:09.000245+00	2026-05-25 16:22:09.000245+00
336	15	1	open	miniapp	\N	2026-05-25 16:22:15.666515+00	2026-05-25 16:22:15.666515+00
337	15	1	open	miniapp	\N	2026-05-25 16:40:11.375564+00	2026-05-25 16:40:11.375564+00
338	15	1	open	miniapp	\N	2026-05-25 16:40:16.798856+00	2026-05-25 16:40:16.798856+00
339	15	1	open	miniapp	\N	2026-05-25 16:40:34.458291+00	2026-05-25 16:40:34.458291+00
340	15	1	open	miniapp	\N	2026-05-25 16:40:43.429244+00	2026-05-25 16:40:43.429244+00
341	15	1	open	miniapp	\N	2026-05-25 16:43:08.632083+00	2026-05-25 16:43:08.632083+00
342	17	1	open	miniapp	\N	2026-05-25 16:43:18.047121+00	2026-05-25 16:43:18.047121+00
343	15	1	open	miniapp	\N	2026-05-25 16:43:30.515215+00	2026-05-25 16:43:30.515215+00
344	15	1	open	miniapp	\N	2026-05-25 16:43:39.015964+00	2026-05-25 16:43:39.015964+00
345	15	1	open	miniapp	\N	2026-05-25 16:44:00.679327+00	2026-05-25 16:44:00.679327+00
346	15	1	favorite_remove	miniapp	\N	2026-05-25 16:44:04.702405+00	2026-05-25 16:44:04.702405+00
347	15	1	favorite_add	miniapp	\N	2026-05-25 16:44:05.568812+00	2026-05-25 16:44:05.568812+00
348	15	1	open	miniapp	\N	2026-05-25 16:44:14.859701+00	2026-05-25 16:44:14.859701+00
349	15	1	open	miniapp	\N	2026-05-25 16:44:27.879943+00	2026-05-25 16:44:27.879943+00
350	15	1	open	miniapp	\N	2026-05-25 16:50:47.632378+00	2026-05-25 16:50:47.632378+00
351	15	1	open	miniapp	\N	2026-05-25 16:51:00.638208+00	2026-05-25 16:51:00.638208+00
352	15	1	open	miniapp	\N	2026-05-25 16:51:03.043917+00	2026-05-25 16:51:03.043917+00
353	15	1	open	miniapp	\N	2026-05-25 16:52:10.496+00	2026-05-25 16:52:10.496+00
354	15	1	open	miniapp	\N	2026-05-25 16:52:26.419948+00	2026-05-25 16:52:26.419948+00
355	15	1	open	miniapp	\N	2026-05-25 16:54:14.704828+00	2026-05-25 16:54:14.704828+00
356	15	1	open	miniapp	\N	2026-05-25 16:54:20.935217+00	2026-05-25 16:54:20.935217+00
357	15	1	open	miniapp	\N	2026-05-25 16:54:26.514485+00	2026-05-25 16:54:26.514485+00
358	15	1	open	miniapp	\N	2026-05-25 16:54:32.18226+00	2026-05-25 16:54:32.18226+00
359	15	1	open	miniapp	\N	2026-05-25 16:54:57.685806+00	2026-05-25 16:54:57.685806+00
360	15	1	open	miniapp	\N	2026-05-25 16:55:01.250834+00	2026-05-25 16:55:01.250834+00
361	15	1	open	miniapp	\N	2026-05-25 16:55:27.558007+00	2026-05-25 16:55:27.558007+00
362	15	1	open	miniapp	\N	2026-05-25 16:57:30.240991+00	2026-05-25 16:57:30.240991+00
363	15	1	open	miniapp	\N	2026-05-25 16:58:46.923133+00	2026-05-25 16:58:46.923133+00
364	15	1	open	miniapp	\N	2026-05-25 17:00:54.113604+00	2026-05-25 17:00:54.113604+00
365	15	1	open	miniapp	\N	2026-05-25 17:01:53.314723+00	2026-05-25 17:01:53.314723+00
366	15	1	open	miniapp	\N	2026-05-25 17:02:16.568333+00	2026-05-25 17:02:16.568333+00
367	15	1	open	miniapp	\N	2026-05-25 17:02:24.299985+00	2026-05-25 17:02:24.299985+00
368	15	1	share_click	miniapp	\N	2026-05-25 17:02:34.491027+00	2026-05-25 17:02:34.491027+00
369	15	1	open	miniapp	\N	2026-05-25 17:02:42.361459+00	2026-05-25 17:02:42.361459+00
370	17	1	open	miniapp	\N	2026-05-25 17:04:08.994595+00	2026-05-25 17:04:08.994595+00
371	15	1	open	miniapp	\N	2026-05-25 17:07:46.279022+00	2026-05-25 17:07:46.279022+00
372	15	1	open	miniapp	\N	2026-05-25 17:07:55.659569+00	2026-05-25 17:07:55.659569+00
373	15	1	open	miniapp	\N	2026-05-25 17:08:51.536206+00	2026-05-25 17:08:51.536206+00
374	15	1	open	miniapp	\N	2026-05-25 17:13:21.83719+00	2026-05-25 17:13:21.83719+00
375	15	1	open	miniapp	\N	2026-05-25 17:13:37.779022+00	2026-05-25 17:13:37.779022+00
376	15	1	open	miniapp	\N	2026-05-25 17:14:44.112512+00	2026-05-25 17:14:44.112512+00
377	15	1	favorite_remove	miniapp	\N	2026-05-25 17:14:47.831392+00	2026-05-25 17:14:47.831392+00
378	15	1	favorite_add	miniapp	\N	2026-05-25 17:14:48.395206+00	2026-05-25 17:14:48.395206+00
379	17	1	open	miniapp	\N	2026-05-25 17:17:42.697169+00	2026-05-25 17:17:42.697169+00
380	15	1	open	miniapp	\N	2026-05-25 17:19:20.999968+00	2026-05-25 17:19:20.999968+00
381	15	1	open	miniapp	\N	2026-05-25 17:19:53.6309+00	2026-05-25 17:19:53.6309+00
382	15	1	open	miniapp	\N	2026-05-25 17:20:01.947612+00	2026-05-25 17:20:01.947612+00
383	15	1	open	miniapp	\N	2026-05-25 17:22:12.012566+00	2026-05-25 17:22:12.012566+00
384	15	1	open	miniapp	\N	2026-05-25 17:22:26.509776+00	2026-05-25 17:22:26.509776+00
385	15	1	open	miniapp	\N	2026-05-25 17:23:26.465756+00	2026-05-25 17:23:26.465756+00
386	15	1	open	miniapp	\N	2026-05-25 17:23:46.572378+00	2026-05-25 17:23:46.572378+00
387	15	1	open	miniapp	\N	2026-05-25 17:24:00.305553+00	2026-05-25 17:24:00.305553+00
388	18	1	open	miniapp	\N	2026-05-25 17:27:07.309951+00	2026-05-25 17:27:07.309951+00
389	15	1	open	miniapp	\N	2026-05-25 17:27:18.873446+00	2026-05-25 17:27:18.873446+00
390	17	1	open	miniapp	\N	2026-05-25 17:27:21.770605+00	2026-05-25 17:27:21.770605+00
391	18	1	open	miniapp	\N	2026-05-25 17:30:42.84257+00	2026-05-25 17:30:42.84257+00
392	18	1	favorite_add	miniapp	\N	2026-05-25 17:30:44.402181+00	2026-05-25 17:30:44.402181+00
393	15	1	open	miniapp	\N	2026-05-25 17:33:19.96842+00	2026-05-25 17:33:19.96842+00
394	17	1	open	miniapp	\N	2026-05-25 17:33:26.132016+00	2026-05-25 17:33:26.132016+00
395	15	1	open	miniapp	\N	2026-05-25 17:34:54.922159+00	2026-05-25 17:34:54.922159+00
403	15	1	open	miniapp	\N	2026-05-25 17:36:01.514363+00	2026-05-25 17:36:01.514363+00
404	17	1	open	miniapp	\N	2026-05-25 17:36:49.896244+00	2026-05-25 17:36:49.896244+00
405	17	1	open	miniapp	\N	2026-05-25 17:37:51.421822+00	2026-05-25 17:37:51.421822+00
406	17	1	open	miniapp	\N	2026-05-25 17:37:58.706311+00	2026-05-25 17:37:58.706311+00
407	15	1	open	miniapp	\N	2026-05-25 17:38:40.620837+00	2026-05-25 17:38:40.620837+00
408	15	1	open	miniapp	\N	2026-05-25 17:39:01.04604+00	2026-05-25 17:39:01.04604+00
417	15	1	open	miniapp	\N	2026-05-25 18:09:51.018649+00	2026-05-25 18:09:51.018649+00
418	15	1	favorite_remove	miniapp	\N	2026-05-25 18:10:04.599213+00	2026-05-25 18:10:04.599213+00
419	15	1	favorite_add	miniapp	\N	2026-05-25 18:10:05.071347+00	2026-05-25 18:10:05.071347+00
420	15	1	open	miniapp	\N	2026-05-25 19:10:37.714869+00	2026-05-25 19:10:37.714869+00
421	15	1	open	miniapp	\N	2026-05-25 19:12:14.137944+00	2026-05-25 19:12:14.137944+00
422	15	1	open	miniapp	\N	2026-05-25 19:14:31.412119+00	2026-05-25 19:14:31.412119+00
423	15	1	favorite_remove	miniapp	\N	2026-05-25 19:15:00.913377+00	2026-05-25 19:15:00.913377+00
424	15	1	favorite_add	miniapp	\N	2026-05-25 19:15:01.369526+00	2026-05-25 19:15:01.369526+00
425	15	1	favorite_remove	miniapp	\N	2026-05-25 19:15:03.074959+00	2026-05-25 19:15:03.074959+00
426	15	1	favorite_add	miniapp	\N	2026-05-25 19:15:04.071328+00	2026-05-25 19:15:04.071328+00
427	15	1	favorite_remove	miniapp	\N	2026-05-25 19:15:05.330488+00	2026-05-25 19:15:05.330488+00
428	15	1	favorite_add	miniapp	\N	2026-05-25 19:15:05.883408+00	2026-05-25 19:15:05.883408+00
429	15	1	favorite_remove	miniapp	\N	2026-05-25 19:15:06.76663+00	2026-05-25 19:15:06.76663+00
430	15	1	favorite_add	miniapp	\N	2026-05-25 19:15:07.477511+00	2026-05-25 19:15:07.477511+00
431	15	1	favorite_remove	miniapp	\N	2026-05-25 19:15:08.530089+00	2026-05-25 19:15:08.530089+00
432	15	1	favorite_add	miniapp	\N	2026-05-25 19:15:09.31149+00	2026-05-25 19:15:09.31149+00
433	15	1	share_click	miniapp	\N	2026-05-25 19:15:18.411621+00	2026-05-25 19:15:18.411621+00
434	15	1	open	miniapp	\N	2026-05-25 19:20:59.753383+00	2026-05-25 19:20:59.753383+00
435	15	1	open	miniapp	\N	2026-05-25 19:21:55.593231+00	2026-05-25 19:21:55.593231+00
436	15	1	open	miniapp	\N	2026-05-25 19:22:02.210314+00	2026-05-25 19:22:02.210314+00
437	15	1	open	miniapp	\N	2026-05-25 19:22:15.246034+00	2026-05-25 19:22:15.246034+00
438	15	1	open	miniapp	\N	2026-05-25 19:23:05.756128+00	2026-05-25 19:23:05.756128+00
439	17	1	open	miniapp	\N	2026-05-25 19:24:34.522213+00	2026-05-25 19:24:34.522213+00
440	17	1	open	miniapp	\N	2026-05-25 19:24:41.90346+00	2026-05-25 19:24:41.90346+00
441	17	1	open	miniapp	\N	2026-05-25 19:24:43.644454+00	2026-05-25 19:24:43.644454+00
442	17	1	open	miniapp	\N	2026-05-25 19:24:45.583995+00	2026-05-25 19:24:45.583995+00
443	17	1	open	miniapp	\N	2026-05-25 19:24:48.272002+00	2026-05-25 19:24:48.272002+00
444	15	1	open	miniapp	\N	2026-05-26 11:31:02.922478+00	2026-05-26 11:31:02.922478+00
445	15	1	share_click	miniapp	\N	2026-05-26 11:31:19.814878+00	2026-05-26 11:31:19.814878+00
446	15	1	share_click	miniapp	\N	2026-05-26 11:31:22.596452+00	2026-05-26 11:31:22.596452+00
447	17	1	open	miniapp	\N	2026-05-26 11:32:27.491252+00	2026-05-26 11:32:27.491252+00
448	18	1	open	miniapp	\N	2026-05-26 11:32:34.510063+00	2026-05-26 11:32:34.510063+00
449	17	1	open	miniapp	\N	2026-05-26 11:32:44.399056+00	2026-05-26 11:32:44.399056+00
450	18	1	open	miniapp	\N	2026-05-26 11:32:56.299484+00	2026-05-26 11:32:56.299484+00
451	17	1	open	miniapp	\N	2026-05-26 11:33:02.410881+00	2026-05-26 11:33:02.410881+00
452	15	1	open	miniapp	\N	2026-05-26 11:33:23.447643+00	2026-05-26 11:33:23.447643+00
453	15	1	open	miniapp	\N	2026-05-26 11:33:30.423237+00	2026-05-26 11:33:30.423237+00
454	15	1	open	miniapp	\N	2026-05-26 11:33:37.283677+00	2026-05-26 11:33:37.283677+00
455	15	1	open	miniapp	\N	2026-05-26 11:34:30.243155+00	2026-05-26 11:34:30.243155+00
456	15	1	open	miniapp	\N	2026-05-26 11:41:44.825845+00	2026-05-26 11:41:44.825845+00
457	15	1	open	miniapp	\N	2026-05-26 18:04:40.231011+00	2026-05-26 18:04:40.231011+00
458	15	1	open	miniapp	\N	2026-05-26 18:12:54.455225+00	2026-05-26 18:12:54.455225+00
459	15	1	open	miniapp	\N	2026-05-26 18:14:50.180766+00	2026-05-26 18:14:50.180766+00
460	17	1	open	miniapp	\N	2026-05-26 18:15:06.994677+00	2026-05-26 18:15:06.994677+00
461	15	1	open	miniapp	\N	2026-05-26 18:15:37.012663+00	2026-05-26 18:15:37.012663+00
462	18	1	open	miniapp	\N	2026-05-26 18:16:53.815807+00	2026-05-26 18:16:53.815807+00
463	17	1	open	miniapp	\N	2026-05-26 18:17:19.65061+00	2026-05-26 18:17:19.65061+00
464	15	1	open	miniapp	\N	2026-05-26 19:07:57.145492+00	2026-05-26 19:07:57.145492+00
465	15	1	open	miniapp	\N	2026-05-26 19:17:20.536898+00	2026-05-26 19:17:20.536898+00
466	15	1	open	miniapp	\N	2026-05-26 19:23:34.304577+00	2026-05-26 19:23:34.304577+00
467	17	1	open	miniapp	\N	2026-05-26 19:24:49.378572+00	2026-05-26 19:24:49.378572+00
468	18	1	open	miniapp	\N	2026-05-26 19:25:23.590883+00	2026-05-26 19:25:23.590883+00
469	15	1	open	miniapp	\N	2026-05-26 19:29:15.858713+00	2026-05-26 19:29:15.858713+00
470	15	1	open	miniapp	\N	2026-05-26 19:37:23.28225+00	2026-05-26 19:37:23.28225+00
471	17	1	open	miniapp	\N	2026-05-26 19:43:23.936491+00	2026-05-26 19:43:23.936491+00
472	17	1	open	miniapp	\N	2026-05-26 19:44:06.244386+00	2026-05-26 19:44:06.244386+00
473	17	1	favorite_add	miniapp	\N	2026-05-26 19:44:08.880142+00	2026-05-26 19:44:08.880142+00
474	17	1	favorite_remove	miniapp	\N	2026-05-26 19:44:09.616111+00	2026-05-26 19:44:09.616111+00
475	18	1	open	miniapp	\N	2026-05-26 19:47:52.925386+00	2026-05-26 19:47:52.925386+00
476	15	1	open	miniapp	\N	2026-05-26 19:51:37.550063+00	2026-05-26 19:51:37.550063+00
477	15	1	favorite_remove	miniapp	\N	2026-05-26 19:51:43.425596+00	2026-05-26 19:51:43.425596+00
478	15	1	favorite_add	miniapp	\N	2026-05-26 19:51:44.30815+00	2026-05-26 19:51:44.30815+00
479	15	1	open	miniapp	\N	2026-05-26 19:51:56.328808+00	2026-05-26 19:51:56.328808+00
480	15	1	open	miniapp	\N	2026-05-26 19:54:08.567732+00	2026-05-26 19:54:08.567732+00
481	15	1	open	miniapp	\N	2026-05-26 19:54:18.487555+00	2026-05-26 19:54:18.487555+00
482	15	1	open	miniapp	\N	2026-05-26 19:54:29.855656+00	2026-05-26 19:54:29.855656+00
483	15	1	open	miniapp	\N	2026-05-26 19:54:57.679861+00	2026-05-26 19:54:57.679861+00
484	15	1	open	miniapp	\N	2026-05-26 19:56:42.771749+00	2026-05-26 19:56:42.771749+00
485	15	1	open	miniapp	\N	2026-05-26 20:00:54.99925+00	2026-05-26 20:00:54.99925+00
486	15	1	open	miniapp	\N	2026-05-26 20:01:55.000242+00	2026-05-26 20:01:55.000242+00
487	15	1	open	miniapp	\N	2026-05-26 20:05:57.839739+00	2026-05-26 20:05:57.839739+00
488	15	1	open	miniapp	\N	2026-05-26 20:07:18.26768+00	2026-05-26 20:07:18.26768+00
489	17	1	open	miniapp	\N	2026-05-26 20:07:53.14965+00	2026-05-26 20:07:53.14965+00
490	15	1	open	miniapp	\N	2026-05-26 20:10:15.695922+00	2026-05-26 20:10:15.695922+00
491	17	1	open	miniapp	\N	2026-05-26 20:10:26.01898+00	2026-05-26 20:10:26.01898+00
492	15	1	open	miniapp	\N	2026-05-26 20:11:17.216402+00	2026-05-26 20:11:17.216402+00
493	15	1	open	miniapp	\N	2026-05-26 20:12:50.587049+00	2026-05-26 20:12:50.587049+00
494	17	1	open	miniapp	\N	2026-05-26 20:15:12.777303+00	2026-05-26 20:15:12.777303+00
495	15	1	open	miniapp	\N	2026-05-26 20:15:50.121965+00	2026-05-26 20:15:50.121965+00
496	15	1	open	miniapp	\N	2026-05-26 20:16:11.421449+00	2026-05-26 20:16:11.421449+00
497	15	1	open	miniapp	\N	2026-05-26 20:17:56.149855+00	2026-05-26 20:17:56.149855+00
498	15	1	open	miniapp	\N	2026-05-26 20:24:20.844664+00	2026-05-26 20:24:20.844664+00
499	15	1	open	miniapp	\N	2026-05-26 20:24:38.497508+00	2026-05-26 20:24:38.497508+00
500	15	1	open	miniapp	\N	2026-05-26 20:25:55.904924+00	2026-05-26 20:25:55.904924+00
501	15	1	open	miniapp	\N	2026-05-26 20:27:52.307869+00	2026-05-26 20:27:52.307869+00
502	15	1	open	miniapp	\N	2026-05-26 20:28:27.098184+00	2026-05-26 20:28:27.098184+00
503	15	1	open	miniapp	\N	2026-05-26 20:30:27.841265+00	2026-05-26 20:30:27.841265+00
504	17	1	open	miniapp	\N	2026-05-26 20:31:34.408568+00	2026-05-26 20:31:34.408568+00
505	17	1	open	miniapp	\N	2026-05-26 20:31:55.288522+00	2026-05-26 20:31:55.288522+00
506	15	1	open	miniapp	\N	2026-05-26 20:33:40.560814+00	2026-05-26 20:33:40.560814+00
507	15	1	open	miniapp	\N	2026-05-26 20:35:11.411462+00	2026-05-26 20:35:11.411462+00
508	15	1	open	miniapp	\N	2026-05-26 20:39:15.21935+00	2026-05-26 20:39:15.21935+00
509	17	1	open	miniapp	\N	2026-05-26 20:41:54.345727+00	2026-05-26 20:41:54.345727+00
510	18	1	open	miniapp	\N	2026-05-26 20:41:58.259565+00	2026-05-26 20:41:58.259565+00
511	15	1	open	miniapp	\N	2026-05-26 20:42:02.296983+00	2026-05-26 20:42:02.296983+00
512	15	1	open	miniapp	\N	2026-05-26 20:42:27.436169+00	2026-05-26 20:42:27.436169+00
513	17	1	open	miniapp	\N	2026-05-26 20:48:47.98744+00	2026-05-26 20:48:47.98744+00
514	15	1	open	miniapp	\N	2026-05-26 20:52:41.728925+00	2026-05-26 20:52:41.728925+00
515	15	1	open	miniapp	\N	2026-05-26 20:53:05.933913+00	2026-05-26 20:53:05.933913+00
516	15	1	share_click	miniapp	\N	2026-05-26 20:53:30.201886+00	2026-05-26 20:53:30.201886+00
517	15	1	open	miniapp	\N	2026-05-26 20:53:55.528183+00	2026-05-26 20:53:55.528183+00
518	15	1	open	miniapp	\N	2026-05-26 20:57:38.397347+00	2026-05-26 20:57:38.397347+00
519	15	1	open	miniapp	\N	2026-05-26 20:58:07.839288+00	2026-05-26 20:58:07.839288+00
520	17	1	open	miniapp	\N	2026-05-26 21:00:38.82494+00	2026-05-26 21:00:38.82494+00
521	15	1	open	miniapp	\N	2026-05-26 21:01:49.455743+00	2026-05-26 21:01:49.455743+00
522	15	1	open	miniapp	\N	2026-05-26 21:02:57.943591+00	2026-05-26 21:02:57.943591+00
523	15	1	open	miniapp	\N	2026-05-26 21:04:03.886035+00	2026-05-26 21:04:03.886035+00
524	15	1	open	miniapp	\N	2026-05-26 21:04:55.221143+00	2026-05-26 21:04:55.221143+00
525	15	1	open	miniapp	\N	2026-05-26 21:06:37.953638+00	2026-05-26 21:06:37.953638+00
526	15	1	favorite_remove	miniapp	\N	2026-05-26 21:09:44.775514+00	2026-05-26 21:09:44.775514+00
527	18	1	favorite_remove	miniapp	\N	2026-05-26 21:09:45.532715+00	2026-05-26 21:09:45.532715+00
528	17	1	open	miniapp	\N	2026-05-26 21:10:35.184629+00	2026-05-26 21:10:35.184629+00
529	15	1	open	miniapp	\N	2026-05-26 21:14:06.093668+00	2026-05-26 21:14:06.093668+00
530	15	1	open	miniapp	\N	2026-05-26 21:14:31.896755+00	2026-05-26 21:14:31.896755+00
531	15	1	open	miniapp	\N	2026-05-26 21:17:12.65769+00	2026-05-26 21:17:12.65769+00
532	15	1	open	miniapp	\N	2026-05-26 21:20:48.277614+00	2026-05-26 21:20:48.277614+00
533	15	1	favorite_add	miniapp	\N	2026-05-26 21:20:51.721142+00	2026-05-26 21:20:51.721142+00
534	17	1	open	miniapp	\N	2026-05-26 21:20:54.886059+00	2026-05-26 21:20:54.886059+00
535	17	1	favorite_add	miniapp	\N	2026-05-26 21:20:56.000004+00	2026-05-26 21:20:56.000004+00
536	17	1	open	miniapp	\N	2026-05-26 21:21:00.186132+00	2026-05-26 21:21:00.186132+00
537	15	1	open	miniapp	\N	2026-05-26 21:21:02.935835+00	2026-05-26 21:21:02.935835+00
538	15	1	open	miniapp	\N	2026-05-26 21:21:07.131348+00	2026-05-26 21:21:07.131348+00
539	15	1	open	miniapp	\N	2026-05-26 21:21:37.54062+00	2026-05-26 21:21:37.54062+00
540	15	1	open	miniapp	\N	2026-05-26 21:22:13.763046+00	2026-05-26 21:22:13.763046+00
541	15	1	open	miniapp	\N	2026-05-26 21:24:12.665126+00	2026-05-26 21:24:12.665126+00
542	15	1	open	miniapp	\N	2026-05-26 21:24:51.889823+00	2026-05-26 21:24:51.889823+00
543	15	1	open	miniapp	\N	2026-05-26 21:26:11.126679+00	2026-05-26 21:26:11.126679+00
544	15	1	open	miniapp	\N	2026-05-26 21:30:27.761075+00	2026-05-26 21:30:27.761075+00
545	15	1	open	miniapp	\N	2026-05-26 21:30:33.163971+00	2026-05-26 21:30:33.163971+00
546	15	1	open	miniapp	\N	2026-05-26 21:30:35.351947+00	2026-05-26 21:30:35.351947+00
547	17	1	open	miniapp	\N	2026-05-26 21:30:46.125764+00	2026-05-26 21:30:46.125764+00
548	15	1	open	miniapp	\N	2026-05-26 21:31:34.13792+00	2026-05-26 21:31:34.13792+00
549	15	1	open	miniapp	\N	2026-05-26 21:31:50.732771+00	2026-05-26 21:31:50.732771+00
550	17	1	open	miniapp	\N	2026-05-26 21:31:58.318564+00	2026-05-26 21:31:58.318564+00
551	17	1	open	miniapp	\N	2026-05-26 21:32:11.358365+00	2026-05-26 21:32:11.358365+00
552	15	1	open	miniapp	\N	2026-05-26 21:33:20.179156+00	2026-05-26 21:33:20.179156+00
553	15	1	open	miniapp	\N	2026-05-26 21:34:45.056189+00	2026-05-26 21:34:45.056189+00
554	15	1	open	miniapp	\N	2026-05-26 21:34:59.646905+00	2026-05-26 21:34:59.646905+00
555	15	1	open	miniapp	\N	2026-05-26 21:35:43.048218+00	2026-05-26 21:35:43.048218+00
556	17	1	open	miniapp	\N	2026-05-26 21:36:24.12547+00	2026-05-26 21:36:24.12547+00
557	17	1	open	miniapp	\N	2026-05-26 21:38:20.743561+00	2026-05-26 21:38:20.743561+00
558	15	1	open	miniapp	\N	2026-05-26 21:39:01.980594+00	2026-05-26 21:39:01.980594+00
559	15	1	open	miniapp	\N	2026-05-26 21:40:35.26215+00	2026-05-26 21:40:35.26215+00
560	15	1	open	miniapp	\N	2026-05-26 21:41:29.724544+00	2026-05-26 21:41:29.724544+00
561	15	1	open	miniapp	\N	2026-05-26 21:43:08.577531+00	2026-05-26 21:43:08.577531+00
562	15	1	open	miniapp	\N	2026-05-26 21:45:19.160354+00	2026-05-26 21:45:19.160354+00
563	15	1	open	miniapp	\N	2026-05-26 21:48:06.395452+00	2026-05-26 21:48:06.395452+00
564	15	1	open	miniapp	\N	2026-05-26 21:48:55.689666+00	2026-05-26 21:48:55.689666+00
565	15	1	open	miniapp	\N	2026-05-26 21:49:46.122862+00	2026-05-26 21:49:46.122862+00
566	15	1	open	miniapp	\N	2026-05-26 21:51:58.320781+00	2026-05-26 21:51:58.320781+00
567	15	1	open	miniapp	\N	2026-05-26 21:53:17.961821+00	2026-05-26 21:53:17.961821+00
568	17	1	open	miniapp	\N	2026-05-26 21:57:38.572135+00	2026-05-26 21:57:38.572135+00
569	17	1	open	miniapp	\N	2026-05-26 21:58:24.648937+00	2026-05-26 21:58:24.648937+00
570	15	1	open	miniapp	\N	2026-05-26 21:58:31.744873+00	2026-05-26 21:58:31.744873+00
571	15	1	open	miniapp	\N	2026-05-26 21:59:03.531453+00	2026-05-26 21:59:03.531453+00
572	15	1	open	miniapp	\N	2026-05-26 22:00:36.688158+00	2026-05-26 22:00:36.688158+00
573	15	1	open	miniapp	\N	2026-05-26 22:01:31.675696+00	2026-05-26 22:01:31.675696+00
574	15	1	open	miniapp	\N	2026-05-26 22:02:48.899554+00	2026-05-26 22:02:48.899554+00
575	15	1	open	miniapp	\N	2026-05-26 22:03:50.946555+00	2026-05-26 22:03:50.946555+00
576	15	1	open	miniapp	\N	2026-05-26 22:05:43.84459+00	2026-05-26 22:05:43.84459+00
577	15	1	open	miniapp	\N	2026-05-26 22:08:30.242742+00	2026-05-26 22:08:30.242742+00
578	15	1	open	miniapp	\N	2026-05-26 22:10:05.801962+00	2026-05-26 22:10:05.801962+00
579	15	1	open	miniapp	\N	2026-05-26 22:10:08.385975+00	2026-05-26 22:10:08.385975+00
580	15	1	open	miniapp	\N	2026-05-26 22:10:10.15686+00	2026-05-26 22:10:10.15686+00
581	15	1	open	miniapp	\N	2026-05-26 22:10:11.868596+00	2026-05-26 22:10:11.868596+00
582	15	1	open	miniapp	\N	2026-05-26 22:10:13.506917+00	2026-05-26 22:10:13.506917+00
583	15	1	open	miniapp	\N	2026-05-26 22:10:15.497505+00	2026-05-26 22:10:15.497505+00
584	15	1	open	miniapp	\N	2026-05-26 22:10:17.866074+00	2026-05-26 22:10:17.866074+00
585	15	1	open	miniapp	\N	2026-05-26 22:10:19.67746+00	2026-05-26 22:10:19.67746+00
586	17	1	open	miniapp	\N	2026-05-26 22:10:22.312206+00	2026-05-26 22:10:22.312206+00
587	15	1	open	miniapp	\N	2026-05-26 22:10:27.842291+00	2026-05-26 22:10:27.842291+00
588	15	1	open	miniapp	\N	2026-05-26 22:10:42.581358+00	2026-05-26 22:10:42.581358+00
589	15	1	open	miniapp	\N	2026-05-26 22:11:58.996217+00	2026-05-26 22:11:58.996217+00
590	15	1	open	miniapp	\N	2026-05-26 22:12:02.077421+00	2026-05-26 22:12:02.077421+00
591	15	1	open	miniapp	\N	2026-05-26 22:12:04.022531+00	2026-05-26 22:12:04.022531+00
592	15	1	open	miniapp	\N	2026-05-26 22:12:05.778872+00	2026-05-26 22:12:05.778872+00
593	15	1	open	miniapp	\N	2026-05-26 22:12:07.886457+00	2026-05-26 22:12:07.886457+00
594	15	1	open	miniapp	\N	2026-05-26 22:12:11.416487+00	2026-05-26 22:12:11.416487+00
595	15	1	open	miniapp	\N	2026-05-26 22:12:14.341607+00	2026-05-26 22:12:14.341607+00
596	15	1	open	miniapp	\N	2026-05-26 22:12:16.857677+00	2026-05-26 22:12:16.857677+00
597	15	1	open	miniapp	\N	2026-05-26 22:12:18.985249+00	2026-05-26 22:12:18.985249+00
598	15	1	open	miniapp	\N	2026-05-26 22:12:32.061911+00	2026-05-26 22:12:32.061911+00
599	15	1	open	miniapp	\N	2026-05-26 22:12:35.616653+00	2026-05-26 22:12:35.616653+00
600	15	1	open	miniapp	\N	2026-05-26 22:12:38.401968+00	2026-05-26 22:12:38.401968+00
601	15	1	open	miniapp	\N	2026-05-26 22:12:40.081706+00	2026-05-26 22:12:40.081706+00
602	15	1	open	miniapp	\N	2026-05-26 22:12:41.684013+00	2026-05-26 22:12:41.684013+00
603	15	1	open	miniapp	\N	2026-05-26 22:12:47.355748+00	2026-05-26 22:12:47.355748+00
604	15	1	open	miniapp	\N	2026-05-26 22:12:52.076909+00	2026-05-26 22:12:52.076909+00
605	15	1	open	miniapp	\N	2026-05-26 22:12:54.889177+00	2026-05-26 22:12:54.889177+00
606	15	1	open	miniapp	\N	2026-05-26 22:13:00.297302+00	2026-05-26 22:13:00.297302+00
607	15	1	open	miniapp	\N	2026-05-26 22:13:58.732493+00	2026-05-26 22:13:58.732493+00
608	15	1	open	miniapp	\N	2026-05-26 22:14:03.917041+00	2026-05-26 22:14:03.917041+00
609	15	1	open	miniapp	\N	2026-05-26 22:14:06.978417+00	2026-05-26 22:14:06.978417+00
610	15	1	open	miniapp	\N	2026-05-26 22:14:10.15485+00	2026-05-26 22:14:10.15485+00
611	15	1	open	miniapp	\N	2026-05-26 22:14:11.996909+00	2026-05-26 22:14:11.996909+00
612	15	1	open	miniapp	\N	2026-05-26 22:14:16.067931+00	2026-05-26 22:14:16.067931+00
613	15	1	open	miniapp	\N	2026-05-26 22:15:38.940591+00	2026-05-26 22:15:38.940591+00
614	15	1	open	miniapp	\N	2026-05-26 22:15:41.757132+00	2026-05-26 22:15:41.757132+00
615	15	1	open	miniapp	\N	2026-05-26 22:15:43.756399+00	2026-05-26 22:15:43.756399+00
616	15	1	open	miniapp	\N	2026-05-26 22:16:17.143904+00	2026-05-26 22:16:17.143904+00
617	15	1	open	miniapp	\N	2026-05-26 22:17:04.181856+00	2026-05-26 22:17:04.181856+00
618	15	1	open	miniapp	\N	2026-05-26 22:17:05.933897+00	2026-05-26 22:17:05.933897+00
619	15	1	open	miniapp	\N	2026-05-26 22:17:07.532546+00	2026-05-26 22:17:07.532546+00
620	15	1	open	miniapp	\N	2026-05-26 22:17:10.098364+00	2026-05-26 22:17:10.098364+00
621	15	1	open	miniapp	\N	2026-05-26 22:17:12.117783+00	2026-05-26 22:17:12.117783+00
622	15	1	open	miniapp	\N	2026-05-26 22:18:08.693026+00	2026-05-26 22:18:08.693026+00
623	15	1	open	miniapp	\N	2026-05-26 22:18:53.48142+00	2026-05-26 22:18:53.48142+00
624	15	1	open	miniapp	\N	2026-05-26 22:18:56.997376+00	2026-05-26 22:18:56.997376+00
625	15	1	open	miniapp	\N	2026-05-26 22:18:58.758095+00	2026-05-26 22:18:58.758095+00
626	15	1	open	miniapp	\N	2026-05-26 22:19:00.734033+00	2026-05-26 22:19:00.734033+00
627	15	1	open	miniapp	\N	2026-05-26 22:19:02.198007+00	2026-05-26 22:19:02.198007+00
628	15	1	open	miniapp	\N	2026-05-26 22:19:04.198369+00	2026-05-26 22:19:04.198369+00
629	15	1	open	miniapp	\N	2026-05-26 22:19:06.642115+00	2026-05-26 22:19:06.642115+00
630	15	1	open	miniapp	\N	2026-05-26 22:19:08.597546+00	2026-05-26 22:19:08.597546+00
631	15	1	open	miniapp	\N	2026-05-26 22:19:10.678282+00	2026-05-26 22:19:10.678282+00
632	15	1	open	miniapp	\N	2026-05-26 22:19:24.004109+00	2026-05-26 22:19:24.004109+00
633	15	1	open	miniapp	\N	2026-05-26 22:19:27.358877+00	2026-05-26 22:19:27.358877+00
634	15	1	open	miniapp	\N	2026-05-26 22:19:29.482464+00	2026-05-26 22:19:29.482464+00
635	15	1	open	miniapp	\N	2026-05-26 22:20:44.978648+00	2026-05-26 22:20:44.978648+00
636	15	1	open	miniapp	\N	2026-05-26 22:20:48.817655+00	2026-05-26 22:20:48.817655+00
637	15	1	open	miniapp	\N	2026-05-26 22:20:50.348896+00	2026-05-26 22:20:50.348896+00
638	15	1	open	miniapp	\N	2026-05-26 22:20:52.153519+00	2026-05-26 22:20:52.153519+00
639	17	1	open	miniapp	\N	2026-05-26 22:21:15.245957+00	2026-05-26 22:21:15.245957+00
640	17	1	open	miniapp	\N	2026-05-26 22:21:28.560998+00	2026-05-26 22:21:28.560998+00
641	15	1	open	miniapp	\N	2026-05-26 22:21:56.117773+00	2026-05-26 22:21:56.117773+00
642	15	1	open	miniapp	\N	2026-05-26 22:22:00.122116+00	2026-05-26 22:22:00.122116+00
643	15	1	open	miniapp	\N	2026-05-26 22:22:02.001098+00	2026-05-26 22:22:02.001098+00
644	15	1	open	miniapp	\N	2026-05-26 22:22:03.53892+00	2026-05-26 22:22:03.53892+00
645	15	1	open	miniapp	\N	2026-05-26 22:22:53.178292+00	2026-05-26 22:22:53.178292+00
646	15	1	open	miniapp	\N	2026-05-26 22:22:59.0782+00	2026-05-26 22:22:59.0782+00
647	15	1	open	miniapp	\N	2026-05-26 22:23:01.078113+00	2026-05-26 22:23:01.078113+00
648	15	1	open	miniapp	\N	2026-05-26 22:23:02.678171+00	2026-05-26 22:23:02.678171+00
649	15	1	open	miniapp	\N	2026-05-26 22:23:04.65905+00	2026-05-26 22:23:04.65905+00
650	15	1	open	miniapp	\N	2026-05-26 22:23:06.978632+00	2026-05-26 22:23:06.978632+00
651	17	1	open	miniapp	\N	2026-05-26 22:27:08.720054+00	2026-05-26 22:27:08.720054+00
652	15	1	open	miniapp	\N	2026-05-26 22:27:13.936196+00	2026-05-26 22:27:13.936196+00
653	15	1	open	miniapp	\N	2026-05-26 22:27:16.323566+00	2026-05-26 22:27:16.323566+00
654	15	1	open	miniapp	\N	2026-05-26 22:27:18.553757+00	2026-05-26 22:27:18.553757+00
655	15	1	open	miniapp	\N	2026-05-26 22:27:21.197635+00	2026-05-26 22:27:21.197635+00
656	17	1	open	miniapp	\N	2026-05-26 22:27:40.338072+00	2026-05-26 22:27:40.338072+00
657	15	1	open	miniapp	\N	2026-05-26 22:29:43.617185+00	2026-05-26 22:29:43.617185+00
658	15	1	open	miniapp	\N	2026-05-26 22:29:52.189824+00	2026-05-26 22:29:52.189824+00
659	15	1	open	miniapp	\N	2026-05-26 22:30:01.634051+00	2026-05-26 22:30:01.634051+00
660	17	1	open	miniapp	\N	2026-05-26 22:30:34.358647+00	2026-05-26 22:30:34.358647+00
661	15	1	open	miniapp	\N	2026-05-26 22:32:33.680247+00	2026-05-26 22:32:33.680247+00
662	15	1	open	miniapp	\N	2026-05-26 22:32:38.01865+00	2026-05-26 22:32:38.01865+00
663	15	1	open	miniapp	\N	2026-05-26 22:32:39.835539+00	2026-05-26 22:32:39.835539+00
664	15	1	open	miniapp	\N	2026-05-26 22:32:42.102486+00	2026-05-26 22:32:42.102486+00
665	15	1	open	miniapp	\N	2026-05-26 22:32:43.853502+00	2026-05-26 22:32:43.853502+00
666	15	1	open	miniapp	\N	2026-05-26 22:35:29.0534+00	2026-05-26 22:35:29.0534+00
667	15	1	open	miniapp	\N	2026-05-26 22:35:33.004629+00	2026-05-26 22:35:33.004629+00
668	15	1	open	miniapp	\N	2026-05-26 22:35:35.232434+00	2026-05-26 22:35:35.232434+00
669	15	1	open	miniapp	\N	2026-05-26 22:35:37.865145+00	2026-05-26 22:35:37.865145+00
670	15	1	open	miniapp	\N	2026-05-26 22:35:40.630038+00	2026-05-26 22:35:40.630038+00
671	15	1	open	miniapp	\N	2026-05-26 22:35:42.783735+00	2026-05-26 22:35:42.783735+00
672	15	1	open	miniapp	\N	2026-05-26 22:35:45.037785+00	2026-05-26 22:35:45.037785+00
673	15	1	open	miniapp	\N	2026-05-26 22:39:46.90722+00	2026-05-26 22:39:46.90722+00
674	15	1	open	miniapp	\N	2026-05-26 22:39:51.749243+00	2026-05-26 22:39:51.749243+00
675	15	1	open	miniapp	\N	2026-05-26 22:39:54.64555+00	2026-05-26 22:39:54.64555+00
676	15	1	open	miniapp	\N	2026-05-26 22:39:56.749665+00	2026-05-26 22:39:56.749665+00
677	15	1	open	miniapp	\N	2026-05-26 22:39:58.744774+00	2026-05-26 22:39:58.744774+00
678	15	1	open	miniapp	\N	2026-05-26 22:40:00.221553+00	2026-05-26 22:40:00.221553+00
679	15	1	open	miniapp	\N	2026-05-26 22:40:02.675307+00	2026-05-26 22:40:02.675307+00
680	15	1	open	miniapp	\N	2026-05-26 22:40:06.506727+00	2026-05-26 22:40:06.506727+00
681	15	1	open	miniapp	\N	2026-05-26 22:43:14.7807+00	2026-05-26 22:43:14.7807+00
682	15	1	open	miniapp	\N	2026-05-26 22:43:17.122078+00	2026-05-26 22:43:17.122078+00
683	15	1	open	miniapp	\N	2026-05-26 22:46:15.260767+00	2026-05-26 22:46:15.260767+00
684	15	1	open	miniapp	\N	2026-05-26 22:46:27.150536+00	2026-05-26 22:46:27.150536+00
685	15	1	open	miniapp	\N	2026-05-26 22:46:28.825639+00	2026-05-26 22:46:28.825639+00
686	15	1	open	miniapp	\N	2026-05-26 22:46:30.156257+00	2026-05-26 22:46:30.156257+00
687	15	1	open	miniapp	\N	2026-05-26 22:46:32.024146+00	2026-05-26 22:46:32.024146+00
688	15	1	open	miniapp	\N	2026-05-26 22:46:34.104351+00	2026-05-26 22:46:34.104351+00
689	15	1	open	miniapp	\N	2026-05-26 22:46:35.826157+00	2026-05-26 22:46:35.826157+00
690	15	1	open	miniapp	\N	2026-05-26 22:49:53.055559+00	2026-05-26 22:49:53.055559+00
691	17	1	open	miniapp	\N	2026-05-26 22:50:12.521944+00	2026-05-26 22:50:12.521944+00
692	15	1	open	miniapp	\N	2026-05-26 22:50:14.998989+00	2026-05-26 22:50:14.998989+00
693	15	1	open	miniapp	\N	2026-05-26 22:50:17.040702+00	2026-05-26 22:50:17.040702+00
694	15	1	open	miniapp	\N	2026-05-26 22:50:18.422242+00	2026-05-26 22:50:18.422242+00
695	15	1	open	miniapp	\N	2026-05-26 22:50:36.106597+00	2026-05-26 22:50:36.106597+00
696	17	1	open	miniapp	\N	2026-05-26 22:50:40.170202+00	2026-05-26 22:50:40.170202+00
697	15	1	open	miniapp	\N	2026-05-26 22:53:17.419203+00	2026-05-26 22:53:17.419203+00
698	15	1	open	miniapp	\N	2026-05-26 22:53:23.288341+00	2026-05-26 22:53:23.288341+00
699	15	1	open	miniapp	\N	2026-05-26 22:53:28.869837+00	2026-05-26 22:53:28.869837+00
700	15	1	open	miniapp	\N	2026-05-26 22:53:35.217677+00	2026-05-26 22:53:35.217677+00
701	15	1	open	miniapp	\N	2026-05-26 22:53:40.772609+00	2026-05-26 22:53:40.772609+00
702	15	1	open	miniapp	\N	2026-05-26 22:53:43.872523+00	2026-05-26 22:53:43.872523+00
703	15	1	open	miniapp	\N	2026-05-26 22:53:54.021917+00	2026-05-26 22:53:54.021917+00
704	15	1	open	miniapp	\N	2026-05-26 23:04:43.979903+00	2026-05-26 23:04:43.979903+00
705	15	1	open	miniapp	\N	2026-05-26 23:05:24.333887+00	2026-05-26 23:05:24.333887+00
706	15	1	open	miniapp	\N	2026-05-26 23:05:28.368844+00	2026-05-26 23:05:28.368844+00
707	15	1	open	miniapp	\N	2026-05-26 23:05:31.796445+00	2026-05-26 23:05:31.796445+00
708	15	1	open	miniapp	\N	2026-05-26 23:05:34.699144+00	2026-05-26 23:05:34.699144+00
709	15	1	open	miniapp	\N	2026-05-26 23:05:38.59657+00	2026-05-26 23:05:38.59657+00
710	15	1	open	miniapp	\N	2026-05-26 23:05:53.443475+00	2026-05-26 23:05:53.443475+00
711	15	1	share_click	miniapp	\N	2026-05-26 23:05:55.300166+00	2026-05-26 23:05:55.300166+00
712	17	1	open	miniapp	\N	2026-05-26 23:06:23.919281+00	2026-05-26 23:06:23.919281+00
713	15	1	open	miniapp	\N	2026-05-26 23:06:28.462783+00	2026-05-26 23:06:28.462783+00
714	15	1	open	miniapp	\N	2026-05-26 23:07:44.376661+00	2026-05-26 23:07:44.376661+00
715	17	1	open	miniapp	\N	2026-05-26 23:07:48.703762+00	2026-05-26 23:07:48.703762+00
716	15	1	open	miniapp	\N	2026-05-26 23:09:55.302784+00	2026-05-26 23:09:55.302784+00
717	15	1	open	miniapp	\N	2026-05-26 23:09:59.227088+00	2026-05-26 23:09:59.227088+00
718	15	1	open	miniapp	\N	2026-05-26 23:10:02.588463+00	2026-05-26 23:10:02.588463+00
719	15	1	open	miniapp	\N	2026-05-26 23:10:05.15403+00	2026-05-26 23:10:05.15403+00
720	18	1	open	miniapp	\N	2026-05-26 23:10:07.486448+00	2026-05-26 23:10:07.486448+00
721	15	1	open	miniapp	\N	2026-05-26 23:10:20.368991+00	2026-05-26 23:10:20.368991+00
722	15	1	open	miniapp	\N	2026-05-27 09:22:53.149729+00	2026-05-27 09:22:53.149729+00
723	15	1	open	miniapp	\N	2026-05-27 10:09:57.585725+00	2026-05-27 10:09:57.585725+00
724	15	1	open	miniapp	\N	2026-05-27 10:10:28.047572+00	2026-05-27 10:10:28.047572+00
725	18	1	open	miniapp	\N	2026-05-27 10:10:30.543078+00	2026-05-27 10:10:30.543078+00
726	18	1	open	miniapp	\N	2026-05-27 10:10:34.70729+00	2026-05-27 10:10:34.70729+00
727	15	1	open	miniapp	\N	2026-05-27 10:11:32.810155+00	2026-05-27 10:11:32.810155+00
728	15	1	open	miniapp	\N	2026-05-27 10:11:42.126712+00	2026-05-27 10:11:42.126712+00
729	15	1	open	miniapp	\N	2026-05-27 10:11:43.62966+00	2026-05-27 10:11:43.62966+00
730	15	1	open	miniapp	\N	2026-05-27 10:11:45.60326+00	2026-05-27 10:11:45.60326+00
731	15	1	open	miniapp	\N	2026-05-27 10:11:47.321672+00	2026-05-27 10:11:47.321672+00
732	15	1	open	miniapp	\N	2026-05-27 10:11:49.286491+00	2026-05-27 10:11:49.286491+00
733	17	1	open	miniapp	\N	2026-05-27 10:12:57.491661+00	2026-05-27 10:12:57.491661+00
734	17	1	open	miniapp	\N	2026-05-27 10:13:20.119712+00	2026-05-27 10:13:20.119712+00
735	15	1	open	miniapp	\N	2026-05-27 10:14:30.170104+00	2026-05-27 10:14:30.170104+00
736	17	1	open	miniapp	\N	2026-05-27 10:17:11.689711+00	2026-05-27 10:17:11.689711+00
737	17	1	open	miniapp	\N	2026-05-27 10:17:18.154414+00	2026-05-27 10:17:18.154414+00
738	17	1	open	miniapp	\N	2026-05-27 10:17:18.41122+00	2026-05-27 10:17:18.41122+00
739	15	1	open	miniapp	\N	2026-05-27 10:43:56.170231+00	2026-05-27 10:43:56.170231+00
740	15	1	open	miniapp	\N	2026-05-27 11:02:03.947282+00	2026-05-27 11:02:03.947282+00
741	15	1	open	miniapp	\N	2026-05-27 11:27:09.964602+00	2026-05-27 11:27:09.964602+00
742	17	1	open	miniapp	\N	2026-05-27 11:31:50.519534+00	2026-05-27 11:31:50.519534+00
743	15	1	open	miniapp	\N	2026-05-27 11:32:23.391764+00	2026-05-27 11:32:23.391764+00
744	17	1	open	miniapp	\N	2026-05-27 11:33:40.853228+00	2026-05-27 11:33:40.853228+00
745	17	1	open	miniapp	\N	2026-05-27 11:36:28.465182+00	2026-05-27 11:36:28.465182+00
746	15	1	open	miniapp	\N	2026-05-27 11:38:22.26908+00	2026-05-27 11:38:22.26908+00
747	18	1	open	miniapp	\N	2026-05-27 11:38:52.241373+00	2026-05-27 11:38:52.241373+00
748	18	1	favorite_add	miniapp	\N	2026-05-27 11:38:54.114871+00	2026-05-27 11:38:54.114871+00
749	18	1	favorite_remove	miniapp	\N	2026-05-27 11:38:55.177668+00	2026-05-27 11:38:55.177668+00
750	18	1	favorite_add	miniapp	\N	2026-05-27 11:38:56.132227+00	2026-05-27 11:38:56.132227+00
751	15	1	open	miniapp	\N	2026-05-27 11:39:12.117772+00	2026-05-27 11:39:12.117772+00
752	15	1	favorite_remove	miniapp	\N	2026-05-27 11:39:13.090443+00	2026-05-27 11:39:13.090443+00
753	15	1	open	miniapp	\N	2026-05-27 11:39:18.66454+00	2026-05-27 11:39:18.66454+00
754	18	1	open	miniapp	\N	2026-05-27 11:39:21.517159+00	2026-05-27 11:39:21.517159+00
755	15	1	open	miniapp	\N	2026-05-27 11:39:23.333048+00	2026-05-27 11:39:23.333048+00
756	15	1	favorite_add	miniapp	\N	2026-05-27 11:39:24.695322+00	2026-05-27 11:39:24.695322+00
757	15	1	open	miniapp	\N	2026-05-27 11:39:26.104776+00	2026-05-27 11:39:26.104776+00
759	15	1	open	miniapp	\N	2026-05-27 11:39:30.629423+00	2026-05-27 11:39:30.629423+00
761	15	1	open	miniapp	\N	2026-05-27 11:42:52.302926+00	2026-05-27 11:42:52.302926+00
764	17	1	favorite_remove	miniapp	\N	2026-05-27 11:42:59.016406+00	2026-05-27 11:42:59.016406+00
766	17	1	open	miniapp	\N	2026-05-27 11:43:09.796248+00	2026-05-27 11:43:09.796248+00
767	15	1	open	miniapp	\N	2026-05-27 11:43:41.447277+00	2026-05-27 11:43:41.447277+00
769	17	1	favorite_add	miniapp	\N	2026-05-27 11:43:48.682587+00	2026-05-27 11:43:48.682587+00
770	17	1	open	miniapp	\N	2026-05-27 11:43:52.907127+00	2026-05-27 11:43:52.907127+00
772	15	1	open	miniapp	\N	2026-05-27 11:52:12.133892+00	2026-05-27 11:52:12.133892+00
773	17	1	open	miniapp	\N	2026-05-27 11:52:25.187914+00	2026-05-27 11:52:25.187914+00
776	17	1	favorite_remove	miniapp	\N	2026-05-27 11:52:29.780432+00	2026-05-27 11:52:29.780432+00
778	17	1	favorite_remove	miniapp	\N	2026-05-27 11:52:31.342162+00	2026-05-27 11:52:31.342162+00
779	17	1	open	miniapp	\N	2026-05-27 11:52:38.14235+00	2026-05-27 11:52:38.14235+00
782	17	1	favorite_remove	miniapp	\N	2026-05-27 11:52:45.628918+00	2026-05-27 11:52:45.628918+00
783	15	1	open	miniapp	\N	2026-05-27 11:52:47.378898+00	2026-05-27 11:52:47.378898+00
786	15	1	favorite_add	miniapp	\N	2026-05-27 11:52:56.006817+00	2026-05-27 11:52:56.006817+00
788	17	1	open	miniapp	\N	2026-05-27 11:57:14.899384+00	2026-05-27 11:57:14.899384+00
791	17	1	favorite_remove	miniapp	\N	2026-05-27 11:57:20.297745+00	2026-05-27 11:57:20.297745+00
792	17	1	open	miniapp	\N	2026-05-27 11:57:22.245361+00	2026-05-27 11:57:22.245361+00
795	17	1	open	miniapp	\N	2026-05-27 11:57:36.306402+00	2026-05-27 11:57:36.306402+00
797	17	1	open	miniapp	\N	2026-05-27 11:57:44.876754+00	2026-05-27 11:57:44.876754+00
799	17	1	open	miniapp	\N	2026-05-27 12:12:57.240305+00	2026-05-27 12:12:57.240305+00
801	17	1	open	miniapp	\N	2026-05-27 12:13:01.126361+00	2026-05-27 12:13:01.126361+00
803	17	1	open	miniapp	\N	2026-05-27 12:13:03.375202+00	2026-05-27 12:13:03.375202+00
805	18	1	open	miniapp	\N	2026-05-27 12:13:06.112063+00	2026-05-27 12:13:06.112063+00
807	15	1	open	miniapp	\N	2026-05-27 12:13:29.554796+00	2026-05-27 12:13:29.554796+00
809	17	1	open	miniapp	\N	2026-05-27 12:13:31.606082+00	2026-05-27 12:13:31.606082+00
811	15	1	open	miniapp	\N	2026-05-27 12:15:02.900506+00	2026-05-27 12:15:02.900506+00
813	15	1	open	miniapp	\N	2026-05-27 12:15:10.267377+00	2026-05-27 12:15:10.267377+00
815	15	1	favorite_remove	miniapp	\N	2026-05-27 12:15:17.796163+00	2026-05-27 12:15:17.796163+00
1244	17	1	favorite_remove	miniapp	\N	2026-05-27 22:45:47.009786+00	2026-05-27 22:45:47.009786+00
1245	17	1	favorite_add	miniapp	\N	2026-05-27 22:45:47.531676+00	2026-05-27 22:45:47.531676+00
1246	17	1	favorite_remove	miniapp	\N	2026-05-27 22:45:48.29806+00	2026-05-27 22:45:48.29806+00
1247	17	1	favorite_add	miniapp	\N	2026-05-27 22:45:48.789395+00	2026-05-27 22:45:48.789395+00
1248	17	1	favorite_remove	miniapp	\N	2026-05-27 22:45:49.8334+00	2026-05-27 22:45:49.8334+00
1249	17	1	favorite_add	miniapp	\N	2026-05-27 22:45:51.131989+00	2026-05-27 22:45:51.131989+00
1250	17	1	favorite_remove	miniapp	\N	2026-05-27 22:45:52.086446+00	2026-05-27 22:45:52.086446+00
1251	17	1	favorite_add	miniapp	\N	2026-05-27 22:45:52.531976+00	2026-05-27 22:45:52.531976+00
1252	17	1	favorite_remove	miniapp	\N	2026-05-27 22:45:53.181339+00	2026-05-27 22:45:53.181339+00
1253	17	1	open	miniapp	\N	2026-05-27 22:46:40.830278+00	2026-05-27 22:46:40.830278+00
1254	17	1	open	miniapp	\N	2026-05-27 22:46:44.000729+00	2026-05-27 22:46:44.000729+00
1255	17	1	open	miniapp	\N	2026-05-27 22:47:11.408886+00	2026-05-27 22:47:11.408886+00
1256	17	1	open	miniapp	\N	2026-05-27 22:47:24.499682+00	2026-05-27 22:47:24.499682+00
1257	17	1	open	miniapp	\N	2026-05-27 22:47:35.115912+00	2026-05-27 22:47:35.115912+00
1258	17	1	open	miniapp	\N	2026-05-27 22:47:54.208999+00	2026-05-27 22:47:54.208999+00
1259	17	1	open	miniapp	\N	2026-05-27 22:48:23.018879+00	2026-05-27 22:48:23.018879+00
1260	17	1	open	miniapp	\N	2026-05-27 22:48:46.874394+00	2026-05-27 22:48:46.874394+00
1262	17	1	open	miniapp	\N	2026-05-27 22:51:23.435655+00	2026-05-27 22:51:23.435655+00
1263	18	1	open	miniapp	\N	2026-05-27 22:51:28.991385+00	2026-05-27 22:51:28.991385+00
1265	17	1	open	miniapp	\N	2026-05-27 22:51:56.327165+00	2026-05-27 22:51:56.327165+00
1315	17	1	open	miniapp	\N	2026-05-28 12:27:47.357848+00	2026-05-28 12:27:47.357848+00
1316	17	1	open	miniapp	\N	2026-05-28 12:31:52.567697+00	2026-05-28 12:31:52.567697+00
1318	17	1	open	miniapp	\N	2026-05-28 12:37:35.883524+00	2026-05-28 12:37:35.883524+00
1319	17	1	open	miniapp	\N	2026-05-28 12:38:06.927828+00	2026-05-28 12:38:06.927828+00
1320	17	1	open	miniapp	\N	2026-05-28 12:38:08.844301+00	2026-05-28 12:38:08.844301+00
1326	17	1	open	miniapp	\N	2026-05-28 13:00:06.223156+00	2026-05-28 13:00:06.223156+00
1327	17	1	open	miniapp	\N	2026-05-28 13:01:57.880175+00	2026-05-28 13:01:57.880175+00
1368	17	1	open	miniapp	\N	2026-05-28 15:00:14.68504+00	2026-05-28 15:00:14.68504+00
1369	17	1	open	miniapp	\N	2026-05-28 15:03:04.569675+00	2026-05-28 15:03:04.569675+00
1370	17	1	favorite_add	miniapp	\N	2026-05-28 15:03:12.13824+00	2026-05-28 15:03:12.13824+00
1371	17	1	favorite_remove	miniapp	\N	2026-05-28 15:03:14.988223+00	2026-05-28 15:03:14.988223+00
1372	17	1	open	miniapp	\N	2026-05-28 15:04:32.570939+00	2026-05-28 15:04:32.570939+00
1373	17	1	open	miniapp	\N	2026-05-28 15:05:48.118195+00	2026-05-28 15:05:48.118195+00
1374	17	1	open	miniapp	\N	2026-05-28 15:09:47.030537+00	2026-05-28 15:09:47.030537+00
1375	17	1	open	miniapp	\N	2026-05-28 15:11:29.220871+00	2026-05-28 15:11:29.220871+00
1376	17	1	open	miniapp	\N	2026-05-28 15:16:09.87499+00	2026-05-28 15:16:09.87499+00
1377	17	1	open	miniapp	\N	2026-05-28 15:16:55.564567+00	2026-05-28 15:16:55.564567+00
1378	17	1	open	miniapp	\N	2026-05-28 15:17:25.4755+00	2026-05-28 15:17:25.4755+00
1379	17	1	open	miniapp	\N	2026-05-28 15:17:45.556653+00	2026-05-28 15:17:45.556653+00
1380	17	1	open	miniapp	\N	2026-05-28 15:19:50.413251+00	2026-05-28 15:19:50.413251+00
1381	17	1	open	miniapp	\N	2026-05-28 15:20:23.858011+00	2026-05-28 15:20:23.858011+00
1382	17	1	open	miniapp	\N	2026-05-28 15:21:11.601528+00	2026-05-28 15:21:11.601528+00
1383	17	1	open	miniapp	\N	2026-05-28 15:24:34.663554+00	2026-05-28 15:24:34.663554+00
1384	17	1	open	miniapp	\N	2026-05-28 15:27:22.771682+00	2026-05-28 15:27:22.771682+00
1385	17	1	open	miniapp	\N	2026-05-28 15:28:11.010515+00	2026-05-28 15:28:11.010515+00
1386	17	1	open	miniapp	\N	2026-05-28 15:28:13.459052+00	2026-05-28 15:28:13.459052+00
1387	18	1	open	miniapp	\N	2026-05-28 15:28:24.504374+00	2026-05-28 15:28:24.504374+00
1388	17	1	open	miniapp	\N	2026-05-28 15:29:14.804353+00	2026-05-28 15:29:14.804353+00
1389	17	1	open	miniapp	\N	2026-05-28 15:30:28.154169+00	2026-05-28 15:30:28.154169+00
1390	17	1	open	miniapp	\N	2026-05-28 15:32:09.225477+00	2026-05-28 15:32:09.225477+00
1391	15	1	open	miniapp	\N	2026-05-28 15:35:37.919098+00	2026-05-28 15:35:37.919098+00
1392	17	1	open	miniapp	\N	2026-05-28 15:37:12.874022+00	2026-05-28 15:37:12.874022+00
1394	15	1	open	miniapp	\N	2026-05-28 15:38:15.170445+00	2026-05-28 15:38:15.170445+00
1439	17	1	open	miniapp	\N	2026-05-28 19:40:39.859596+00	2026-05-28 19:40:39.859596+00
1523	17	1	open	miniapp	\N	2026-05-28 20:50:03.535355+00	2026-05-28 20:50:03.535355+00
1524	18	1	open	miniapp	\N	2026-05-28 20:50:32.610445+00	2026-05-28 20:50:32.610445+00
1525	17	1	open	miniapp	\N	2026-05-28 20:51:29.485535+00	2026-05-28 20:51:29.485535+00
1526	18	1	open	miniapp	\N	2026-05-28 20:51:35.216305+00	2026-05-28 20:51:35.216305+00
1527	17	1	open	miniapp	\N	2026-05-28 20:51:59.405844+00	2026-05-28 20:51:59.405844+00
1528	18	1	open	miniapp	\N	2026-05-28 20:52:02.640768+00	2026-05-28 20:52:02.640768+00
1529	17	1	open	miniapp	\N	2026-05-28 20:52:29.119671+00	2026-05-28 20:52:29.119671+00
1530	18	1	open	miniapp	\N	2026-05-28 20:52:32.837022+00	2026-05-28 20:52:32.837022+00
1531	17	1	open	miniapp	\N	2026-05-28 20:55:31.004432+00	2026-05-28 20:55:31.004432+00
1532	18	1	open	miniapp	\N	2026-05-28 20:55:35.547032+00	2026-05-28 20:55:35.547032+00
1533	18	1	open	miniapp	\N	2026-05-28 20:56:08.012325+00	2026-05-28 20:56:08.012325+00
758	15	1	favorite_remove	miniapp	\N	2026-05-27 11:39:26.921917+00	2026-05-27 11:39:26.921917+00
760	15	1	open	miniapp	\N	2026-05-27 11:42:26.072842+00	2026-05-27 11:42:26.072842+00
762	15	1	favorite_add	miniapp	\N	2026-05-27 11:42:53.994196+00	2026-05-27 11:42:53.994196+00
763	17	1	open	miniapp	\N	2026-05-27 11:42:57.159976+00	2026-05-27 11:42:57.159976+00
765	15	1	open	miniapp	\N	2026-05-27 11:43:04.120275+00	2026-05-27 11:43:04.120275+00
768	17	1	open	miniapp	\N	2026-05-27 11:43:47.595631+00	2026-05-27 11:43:47.595631+00
771	17	1	favorite_remove	miniapp	\N	2026-05-27 11:43:54.056092+00	2026-05-27 11:43:54.056092+00
774	17	1	favorite_add	miniapp	\N	2026-05-27 11:52:26.35561+00	2026-05-27 11:52:26.35561+00
775	17	1	open	miniapp	\N	2026-05-27 11:52:28.692236+00	2026-05-27 11:52:28.692236+00
777	17	1	favorite_add	miniapp	\N	2026-05-27 11:52:30.598915+00	2026-05-27 11:52:30.598915+00
780	17	1	favorite_add	miniapp	\N	2026-05-27 11:52:39.055096+00	2026-05-27 11:52:39.055096+00
781	17	1	open	miniapp	\N	2026-05-27 11:52:44.614895+00	2026-05-27 11:52:44.614895+00
784	15	1	favorite_remove	miniapp	\N	2026-05-27 11:52:48.82613+00	2026-05-27 11:52:48.82613+00
785	15	1	open	miniapp	\N	2026-05-27 11:52:54.849519+00	2026-05-27 11:52:54.849519+00
787	15	1	open	miniapp	\N	2026-05-27 11:57:08.053437+00	2026-05-27 11:57:08.053437+00
789	17	1	favorite_add	miniapp	\N	2026-05-27 11:57:16.28583+00	2026-05-27 11:57:16.28583+00
790	17	1	open	miniapp	\N	2026-05-27 11:57:19.051236+00	2026-05-27 11:57:19.051236+00
793	17	1	favorite_add	miniapp	\N	2026-05-27 11:57:23.232466+00	2026-05-27 11:57:23.232466+00
794	15	1	open	miniapp	\N	2026-05-27 11:57:26.85242+00	2026-05-27 11:57:26.85242+00
796	17	1	favorite_remove	miniapp	\N	2026-05-27 11:57:37.323616+00	2026-05-27 11:57:37.323616+00
798	15	1	open	miniapp	\N	2026-05-27 12:12:50.354079+00	2026-05-27 12:12:50.354079+00
800	17	1	favorite_add	miniapp	\N	2026-05-27 12:12:58.548132+00	2026-05-27 12:12:58.548132+00
802	17	1	favorite_remove	miniapp	\N	2026-05-27 12:13:02.039974+00	2026-05-27 12:13:02.039974+00
804	17	1	favorite_add	miniapp	\N	2026-05-27 12:13:04.21432+00	2026-05-27 12:13:04.21432+00
806	18	1	favorite_remove	miniapp	\N	2026-05-27 12:13:07.596203+00	2026-05-27 12:13:07.596203+00
808	15	1	favorite_remove	miniapp	\N	2026-05-27 12:13:30.687131+00	2026-05-27 12:13:30.687131+00
810	17	1	favorite_remove	miniapp	\N	2026-05-27 12:13:32.529569+00	2026-05-27 12:13:32.529569+00
812	15	1	favorite_add	miniapp	\N	2026-05-27 12:15:03.949095+00	2026-05-27 12:15:03.949095+00
814	15	1	open	miniapp	\N	2026-05-27 12:15:16.776383+00	2026-05-27 12:15:16.776383+00
816	15	1	favorite_add	miniapp	\N	2026-05-27 12:15:18.821584+00	2026-05-27 12:15:18.821584+00
817	15	1	open	miniapp	\N	2026-05-27 12:16:24.722343+00	2026-05-27 12:16:24.722343+00
818	15	1	favorite_remove	miniapp	\N	2026-05-27 12:16:27.891124+00	2026-05-27 12:16:27.891124+00
819	15	1	open	miniapp	\N	2026-05-27 12:16:33.881958+00	2026-05-27 12:16:33.881958+00
820	15	1	open	miniapp	\N	2026-05-27 12:16:38.561847+00	2026-05-27 12:16:38.561847+00
821	15	1	open	miniapp	\N	2026-05-27 12:17:05.726494+00	2026-05-27 12:17:05.726494+00
822	15	1	favorite_add	miniapp	\N	2026-05-27 12:17:07.018316+00	2026-05-27 12:17:07.018316+00
823	15	1	favorite_remove	miniapp	\N	2026-05-27 12:17:08.000495+00	2026-05-27 12:17:08.000495+00
824	15	1	open	miniapp	\N	2026-05-27 12:20:00.540714+00	2026-05-27 12:20:00.540714+00
825	15	1	favorite_add	miniapp	\N	2026-05-27 12:20:03.944107+00	2026-05-27 12:20:03.944107+00
826	15	1	open	miniapp	\N	2026-05-27 12:20:19.337527+00	2026-05-27 12:20:19.337527+00
827	15	1	favorite_remove	miniapp	\N	2026-05-27 12:20:20.427591+00	2026-05-27 12:20:20.427591+00
828	15	1	open	miniapp	\N	2026-05-27 12:20:21.843837+00	2026-05-27 12:20:21.843837+00
829	15	1	favorite_add	miniapp	\N	2026-05-27 12:20:22.714689+00	2026-05-27 12:20:22.714689+00
830	15	1	open	miniapp	\N	2026-05-27 12:20:23.959349+00	2026-05-27 12:20:23.959349+00
831	15	1	favorite_remove	miniapp	\N	2026-05-27 12:20:24.802032+00	2026-05-27 12:20:24.802032+00
832	15	1	open	miniapp	\N	2026-05-27 12:20:29.400535+00	2026-05-27 12:20:29.400535+00
833	15	1	favorite_add	miniapp	\N	2026-05-27 12:20:31.04775+00	2026-05-27 12:20:31.04775+00
834	17	1	open	miniapp	\N	2026-05-27 12:20:34.522151+00	2026-05-27 12:20:34.522151+00
835	17	1	favorite_add	miniapp	\N	2026-05-27 12:20:36.439782+00	2026-05-27 12:20:36.439782+00
836	17	1	open	miniapp	\N	2026-05-27 12:20:43.288827+00	2026-05-27 12:20:43.288827+00
837	17	1	favorite_remove	miniapp	\N	2026-05-27 12:20:44.200794+00	2026-05-27 12:20:44.200794+00
838	15	1	open	miniapp	\N	2026-05-27 12:20:46.808214+00	2026-05-27 12:20:46.808214+00
839	15	1	favorite_remove	miniapp	\N	2026-05-27 12:20:47.608681+00	2026-05-27 12:20:47.608681+00
840	15	1	open	miniapp	\N	2026-05-27 12:20:50.568165+00	2026-05-27 12:20:50.568165+00
841	15	1	favorite_add	miniapp	\N	2026-05-27 12:20:51.400041+00	2026-05-27 12:20:51.400041+00
842	18	1	open	miniapp	\N	2026-05-27 12:20:53.608162+00	2026-05-27 12:20:53.608162+00
843	18	1	favorite_add	miniapp	\N	2026-05-27 12:20:54.361716+00	2026-05-27 12:20:54.361716+00
844	15	1	open	miniapp	\N	2026-05-27 12:21:05.688596+00	2026-05-27 12:21:05.688596+00
845	15	1	favorite_remove	miniapp	\N	2026-05-27 12:21:06.53717+00	2026-05-27 12:21:06.53717+00
846	17	1	open	miniapp	\N	2026-05-27 12:21:08.218015+00	2026-05-27 12:21:08.218015+00
847	18	1	open	miniapp	\N	2026-05-27 12:21:09.845664+00	2026-05-27 12:21:09.845664+00
848	18	1	favorite_remove	miniapp	\N	2026-05-27 12:21:10.697838+00	2026-05-27 12:21:10.697838+00
849	15	1	open	miniapp	\N	2026-05-27 12:21:19.762353+00	2026-05-27 12:21:19.762353+00
850	15	1	open	miniapp	\N	2026-05-27 12:21:26.210812+00	2026-05-27 12:21:26.210812+00
851	15	1	open	miniapp	\N	2026-05-27 12:25:11.299311+00	2026-05-27 12:25:11.299311+00
852	17	1	open	miniapp	\N	2026-05-27 12:25:15.85727+00	2026-05-27 12:25:15.85727+00
853	15	1	open	miniapp	\N	2026-05-27 12:34:20.649544+00	2026-05-27 12:34:20.649544+00
854	15	1	open	miniapp	\N	2026-05-27 12:34:36.145294+00	2026-05-27 12:34:36.145294+00
855	15	1	favorite_add	miniapp	\N	2026-05-27 12:34:37.763701+00	2026-05-27 12:34:37.763701+00
856	18	1	open	miniapp	\N	2026-05-27 12:34:40.240819+00	2026-05-27 12:34:40.240819+00
857	18	1	favorite_add	miniapp	\N	2026-05-27 12:34:41.127943+00	2026-05-27 12:34:41.127943+00
858	15	1	open	miniapp	\N	2026-05-27 12:34:47.107394+00	2026-05-27 12:34:47.107394+00
859	15	1	open	miniapp	\N	2026-05-27 12:35:30.94312+00	2026-05-27 12:35:30.94312+00
860	15	1	open	miniapp	\N	2026-05-27 12:36:30.294235+00	2026-05-27 12:36:30.294235+00
861	15	1	open	miniapp	\N	2026-05-27 12:36:59.464849+00	2026-05-27 12:36:59.464849+00
862	15	1	open	miniapp	\N	2026-05-27 12:38:05.640359+00	2026-05-27 12:38:05.640359+00
863	15	1	open	miniapp	\N	2026-05-27 12:38:21.394737+00	2026-05-27 12:38:21.394737+00
864	15	1	open	miniapp	\N	2026-05-27 12:39:13.084418+00	2026-05-27 12:39:13.084418+00
865	17	1	open	miniapp	\N	2026-05-27 12:41:15.572199+00	2026-05-27 12:41:15.572199+00
866	17	1	favorite_add	miniapp	\N	2026-05-27 12:41:16.450332+00	2026-05-27 12:41:16.450332+00
867	15	1	open	miniapp	\N	2026-05-27 12:41:22.545168+00	2026-05-27 12:41:22.545168+00
868	15	1	favorite_remove	miniapp	\N	2026-05-27 12:41:23.910297+00	2026-05-27 12:41:23.910297+00
869	17	1	open	miniapp	\N	2026-05-27 12:41:25.220863+00	2026-05-27 12:41:25.220863+00
870	17	1	favorite_remove	miniapp	\N	2026-05-27 12:41:25.995517+00	2026-05-27 12:41:25.995517+00
871	15	1	open	miniapp	\N	2026-05-27 12:41:33.230805+00	2026-05-27 12:41:33.230805+00
872	15	1	favorite_add	miniapp	\N	2026-05-27 12:41:33.957671+00	2026-05-27 12:41:33.957671+00
873	17	1	open	miniapp	\N	2026-05-27 12:41:36.279478+00	2026-05-27 12:41:36.279478+00
874	17	1	favorite_add	miniapp	\N	2026-05-27 12:41:37.121947+00	2026-05-27 12:41:37.121947+00
875	15	1	open	miniapp	\N	2026-05-27 12:41:40.419723+00	2026-05-27 12:41:40.419723+00
876	15	1	favorite_remove	miniapp	\N	2026-05-27 12:41:41.63536+00	2026-05-27 12:41:41.63536+00
877	18	1	open	miniapp	\N	2026-05-27 12:41:43.699779+00	2026-05-27 12:41:43.699779+00
878	18	1	favorite_remove	miniapp	\N	2026-05-27 12:41:44.512495+00	2026-05-27 12:41:44.512495+00
879	17	1	open	miniapp	\N	2026-05-27 12:41:46.616236+00	2026-05-27 12:41:46.616236+00
880	17	1	favorite_remove	miniapp	\N	2026-05-27 12:41:47.361044+00	2026-05-27 12:41:47.361044+00
881	15	1	open	miniapp	\N	2026-05-27 12:43:03.346711+00	2026-05-27 12:43:03.346711+00
883	15	1	open	miniapp	\N	2026-05-27 12:45:09.153212+00	2026-05-27 12:45:09.153212+00
884	15	1	open	miniapp	\N	2026-05-27 12:45:20.910413+00	2026-05-27 12:45:20.910413+00
1261	17	1	open	miniapp	\N	2026-05-27 22:51:05.46906+00	2026-05-27 22:51:05.46906+00
1264	15	1	open	miniapp	\N	2026-05-27 22:51:49.453708+00	2026-05-27 22:51:49.453708+00
1317	17	1	reminder_click	event_page	-5049665102	2026-05-28 12:31:55.013769+00	2026-05-28 12:31:55.013769+00
1328	17	1	open	miniapp	\N	2026-05-28 13:03:56.885402+00	2026-05-28 13:03:56.885402+00
1393	15	1	open	miniapp	\N	2026-05-28 15:37:15.47419+00	2026-05-28 15:37:15.47419+00
1444	17	1	open	miniapp	\N	2026-05-28 19:44:02.184472+00	2026-05-28 19:44:02.184472+00
1445	17	1	open	miniapp	\N	2026-05-28 19:44:40.20231+00	2026-05-28 19:44:40.20231+00
1452	17	1	open	miniapp	\N	2026-05-28 19:54:03.634488+00	2026-05-28 19:54:03.634488+00
1454	17	1	open	miniapp	\N	2026-05-28 19:55:15.076749+00	2026-05-28 19:55:15.076749+00
1458	17	1	open	miniapp	\N	2026-05-28 20:00:08.313803+00	2026-05-28 20:00:08.313803+00
1460	18	1	open	miniapp	\N	2026-05-28 20:00:47.046927+00	2026-05-28 20:00:47.046927+00
1461	18	1	open	miniapp	\N	2026-05-28 20:00:55.52544+00	2026-05-28 20:00:55.52544+00
1463	18	1	open	miniapp	\N	2026-05-28 20:01:02.256375+00	2026-05-28 20:01:02.256375+00
1464	17	1	open	miniapp	\N	2026-05-28 20:01:25.261581+00	2026-05-28 20:01:25.261581+00
1469	17	1	open	miniapp	\N	2026-05-28 20:03:03.880907+00	2026-05-28 20:03:03.880907+00
1470	17	1	open	miniapp	\N	2026-05-28 20:04:09.584961+00	2026-05-28 20:04:09.584961+00
1471	17	1	open	miniapp	\N	2026-05-28 20:04:27.837654+00	2026-05-28 20:04:27.837654+00
1472	17	1	open	miniapp	\N	2026-05-28 20:05:01.867952+00	2026-05-28 20:05:01.867952+00
1475	17	1	open	miniapp	\N	2026-05-28 20:09:20.337678+00	2026-05-28 20:09:20.337678+00
1477	17	1	open	miniapp	\N	2026-05-28 20:09:42.408745+00	2026-05-28 20:09:42.408745+00
1479	17	1	open	miniapp	\N	2026-05-28 20:10:39.992862+00	2026-05-28 20:10:39.992862+00
1485	18	1	open	miniapp	\N	2026-05-28 20:17:03.927112+00	2026-05-28 20:17:03.927112+00
1486	17	1	open	miniapp	\N	2026-05-28 20:17:18.898673+00	2026-05-28 20:17:18.898673+00
1487	17	1	open	miniapp	\N	2026-05-28 20:17:35.64064+00	2026-05-28 20:17:35.64064+00
1489	17	1	open	miniapp	\N	2026-05-28 20:17:45.933649+00	2026-05-28 20:17:45.933649+00
1490	17	1	open	miniapp	\N	2026-05-28 20:22:46.063738+00	2026-05-28 20:22:46.063738+00
1491	17	1	open	miniapp	\N	2026-05-28 20:22:58.991542+00	2026-05-28 20:22:58.991542+00
1494	18	1	open	miniapp	\N	2026-05-28 20:23:12.378167+00	2026-05-28 20:23:12.378167+00
1496	17	1	open	miniapp	\N	2026-05-28 20:23:20.05974+00	2026-05-28 20:23:20.05974+00
1498	17	1	open	miniapp	\N	2026-05-28 20:27:12.291049+00	2026-05-28 20:27:12.291049+00
1503	17	1	open	miniapp	\N	2026-05-28 20:34:57.254693+00	2026-05-28 20:34:57.254693+00
1504	17	1	open	miniapp	\N	2026-05-28 20:36:10.935237+00	2026-05-28 20:36:10.935237+00
1505	17	1	open	miniapp	\N	2026-05-28 20:36:21.89917+00	2026-05-28 20:36:21.89917+00
1507	17	1	open	miniapp	\N	2026-05-28 20:37:15.906656+00	2026-05-28 20:37:15.906656+00
1509	17	1	open	miniapp	\N	2026-05-28 20:39:09.450046+00	2026-05-28 20:39:09.450046+00
1534	18	1	open	miniapp	\N	2026-05-28 20:56:33.327259+00	2026-05-28 20:56:33.327259+00
1535	17	1	open	miniapp	\N	2026-05-28 21:00:49.861741+00	2026-05-28 21:00:49.861741+00
1548	18	1	open	miniapp	\N	2026-05-28 21:07:58.988116+00	2026-05-28 21:07:58.988116+00
1550	17	1	open	miniapp	\N	2026-05-28 21:08:09.032133+00	2026-05-28 21:08:09.032133+00
1552	18	1	open	miniapp	\N	2026-05-28 21:08:35.488121+00	2026-05-28 21:08:35.488121+00
1554	18	1	open	miniapp	\N	2026-05-28 21:13:51.318437+00	2026-05-28 21:13:51.318437+00
1555	17	1	open	miniapp	\N	2026-05-28 21:14:39.570127+00	2026-05-28 21:14:39.570127+00
1558	18	1	open	miniapp	\N	2026-05-28 21:16:37.950484+00	2026-05-28 21:16:37.950484+00
1560	18	1	open	miniapp	\N	2026-05-28 21:17:41.332702+00	2026-05-28 21:17:41.332702+00
1561	17	1	open	miniapp	\N	2026-05-28 21:19:01.204767+00	2026-05-28 21:19:01.204767+00
1564	18	1	open	miniapp	\N	2026-05-28 21:21:19.78824+00	2026-05-28 21:21:19.78824+00
1565	18	1	open	miniapp	\N	2026-05-28 21:21:51.92883+00	2026-05-28 21:21:51.92883+00
1568	18	1	open	miniapp	\N	2026-05-28 21:24:04.610938+00	2026-05-28 21:24:04.610938+00
1569	17	1	open	miniapp	\N	2026-05-28 21:27:24.146717+00	2026-05-28 21:27:24.146717+00
1570	18	1	open	miniapp	\N	2026-05-28 21:27:33.382841+00	2026-05-28 21:27:33.382841+00
1571	17	1	open	miniapp	\N	2026-05-28 21:28:08.519788+00	2026-05-28 21:28:08.519788+00
1572	18	1	open	miniapp	\N	2026-05-28 21:28:12.121416+00	2026-05-28 21:28:12.121416+00
1573	17	1	open	miniapp	\N	2026-05-28 21:28:33.878139+00	2026-05-28 21:28:33.878139+00
1574	18	1	open	miniapp	\N	2026-05-28 21:28:38.888998+00	2026-05-28 21:28:38.888998+00
1575	17	1	open	miniapp	\N	2026-05-28 21:29:19.659042+00	2026-05-28 21:29:19.659042+00
1576	17	1	open	miniapp	\N	2026-05-28 21:29:19.711931+00	2026-05-28 21:29:19.711931+00
1577	18	1	open	miniapp	\N	2026-05-28 21:29:40.304089+00	2026-05-28 21:29:40.304089+00
1578	17	1	open	miniapp	\N	2026-05-28 21:30:31.880676+00	2026-05-28 21:30:31.880676+00
1579	17	1	open	miniapp	\N	2026-05-28 21:30:47.457071+00	2026-05-28 21:30:47.457071+00
1580	17	1	open	miniapp	\N	2026-05-28 21:31:56.798492+00	2026-05-28 21:31:56.798492+00
1581	17	1	open	miniapp	\N	2026-05-28 21:32:10.425259+00	2026-05-28 21:32:10.425259+00
1582	18	1	open	miniapp	\N	2026-05-28 21:32:22.386844+00	2026-05-28 21:32:22.386844+00
1583	18	1	open	miniapp	\N	2026-05-28 21:35:12.968097+00	2026-05-28 21:35:12.968097+00
1584	18	1	open	miniapp	\N	2026-05-28 21:35:30.045239+00	2026-05-28 21:35:30.045239+00
1585	18	1	open	miniapp	\N	2026-05-28 21:35:57.412437+00	2026-05-28 21:35:57.412437+00
1586	18	1	open	miniapp	\N	2026-05-28 21:36:59.059829+00	2026-05-28 21:36:59.059829+00
1587	18	1	open	miniapp	\N	2026-05-28 21:37:09.554741+00	2026-05-28 21:37:09.554741+00
1588	18	1	open	miniapp	\N	2026-05-28 21:38:04.615492+00	2026-05-28 21:38:04.615492+00
1589	18	1	open	miniapp	\N	2026-05-28 21:38:58.339357+00	2026-05-28 21:38:58.339357+00
1590	17	1	open	miniapp	\N	2026-05-28 21:40:00.647239+00	2026-05-28 21:40:00.647239+00
1591	18	1	open	miniapp	\N	2026-05-28 21:40:12.489296+00	2026-05-28 21:40:12.489296+00
1592	18	1	open	miniapp	\N	2026-05-28 21:40:35.896212+00	2026-05-28 21:40:35.896212+00
1593	17	1	open	miniapp	\N	2026-05-28 21:40:55.000768+00	2026-05-28 21:40:55.000768+00
1594	17	1	open	miniapp	\N	2026-05-28 21:41:44.94295+00	2026-05-28 21:41:44.94295+00
1595	17	1	open	miniapp	\N	2026-05-28 21:43:30.982815+00	2026-05-28 21:43:30.982815+00
1596	18	1	open	miniapp	\N	2026-05-28 21:43:52.704498+00	2026-05-28 21:43:52.704498+00
1597	18	1	open	miniapp	\N	2026-05-28 21:43:52.939377+00	2026-05-28 21:43:52.939377+00
1598	17	1	open	miniapp	\N	2026-05-28 21:45:48.978164+00	2026-05-28 21:45:48.978164+00
1599	17	1	open	miniapp	\N	2026-05-28 21:46:13.976473+00	2026-05-28 21:46:13.976473+00
1600	17	1	favorite_add	miniapp	\N	2026-05-28 21:46:15.753801+00	2026-05-28 21:46:15.753801+00
1601	17	1	favorite_remove	miniapp	\N	2026-05-28 21:46:16.245284+00	2026-05-28 21:46:16.245284+00
1602	17	1	open	miniapp	\N	2026-05-28 21:46:36.583514+00	2026-05-28 21:46:36.583514+00
1603	18	1	open	miniapp	\N	2026-05-28 21:46:41.693285+00	2026-05-28 21:46:41.693285+00
1604	17	1	open	miniapp	\N	2026-05-28 21:47:08.963763+00	2026-05-28 21:47:08.963763+00
1605	18	1	open	miniapp	\N	2026-05-28 21:49:09.741299+00	2026-05-28 21:49:09.741299+00
1606	18	1	open	miniapp	\N	2026-05-28 21:49:37.854693+00	2026-05-28 21:49:37.854693+00
1607	17	1	open	miniapp	\N	2026-05-28 21:49:51.625485+00	2026-05-28 21:49:51.625485+00
1608	17	1	open	miniapp	\N	2026-05-28 21:54:01.906804+00	2026-05-28 21:54:01.906804+00
1609	17	1	open	miniapp	\N	2026-05-28 21:54:13.969115+00	2026-05-28 21:54:13.969115+00
1610	17	1	open	miniapp	\N	2026-05-29 04:35:44.545202+00	2026-05-29 04:35:44.545202+00
1611	17	1	open	miniapp	\N	2026-05-29 04:36:45.306277+00	2026-05-29 04:36:45.306277+00
1612	17	1	open	miniapp	\N	2026-05-29 04:37:18.983048+00	2026-05-29 04:37:18.983048+00
882	15	1	favorite_add	miniapp	\N	2026-05-27 12:43:04.226214+00	2026-05-27 12:43:04.226214+00
885	15	1	open	miniapp	\N	2026-05-27 12:46:21.670837+00	2026-05-27 12:46:21.670837+00
886	17	1	open	miniapp	\N	2026-05-27 12:46:32.12415+00	2026-05-27 12:46:32.12415+00
887	17	1	favorite_add	miniapp	\N	2026-05-27 12:46:32.942391+00	2026-05-27 12:46:32.942391+00
888	15	1	open	miniapp	\N	2026-05-27 12:46:38.526791+00	2026-05-27 12:46:38.526791+00
889	15	1	favorite_remove	miniapp	\N	2026-05-27 12:46:39.856296+00	2026-05-27 12:46:39.856296+00
890	15	1	open	miniapp	\N	2026-05-27 12:48:37.924941+00	2026-05-27 12:48:37.924941+00
891	15	1	open	miniapp	\N	2026-05-27 12:50:25.968986+00	2026-05-27 12:50:25.968986+00
892	15	1	open	miniapp	\N	2026-05-27 12:51:29.947635+00	2026-05-27 12:51:29.947635+00
893	15	1	favorite_add	miniapp	\N	2026-05-27 12:51:31.05019+00	2026-05-27 12:51:31.05019+00
894	17	1	open	miniapp	\N	2026-05-27 12:51:41.194806+00	2026-05-27 12:51:41.194806+00
895	17	1	favorite_remove	miniapp	\N	2026-05-27 12:51:42.138795+00	2026-05-27 12:51:42.138795+00
896	15	1	open	miniapp	\N	2026-05-27 12:52:21.327863+00	2026-05-27 12:52:21.327863+00
897	15	1	open	miniapp	\N	2026-05-27 12:52:26.281153+00	2026-05-27 12:52:26.281153+00
898	15	1	open	miniapp	\N	2026-05-27 12:52:51.84302+00	2026-05-27 12:52:51.84302+00
899	15	1	open	miniapp	\N	2026-05-27 12:53:50.107639+00	2026-05-27 12:53:50.107639+00
900	15	1	open	miniapp	\N	2026-05-27 12:54:30.887932+00	2026-05-27 12:54:30.887932+00
901	15	1	open	miniapp	\N	2026-05-27 12:55:49.684974+00	2026-05-27 12:55:49.684974+00
902	15	1	open	miniapp	\N	2026-05-27 12:55:51.631349+00	2026-05-27 12:55:51.631349+00
903	15	1	open	miniapp	\N	2026-05-27 12:58:03.680077+00	2026-05-27 12:58:03.680077+00
904	15	1	favorite_remove	miniapp	\N	2026-05-27 12:58:05.161524+00	2026-05-27 12:58:05.161524+00
905	15	1	open	miniapp	\N	2026-05-27 12:58:06.705345+00	2026-05-27 12:58:06.705345+00
906	15	1	favorite_add	miniapp	\N	2026-05-27 12:58:08.021651+00	2026-05-27 12:58:08.021651+00
907	15	1	open	miniapp	\N	2026-05-27 13:00:04.166178+00	2026-05-27 13:00:04.166178+00
908	15	1	open	miniapp	\N	2026-05-27 13:00:06.916758+00	2026-05-27 13:00:06.916758+00
909	18	1	open	miniapp	\N	2026-05-27 13:00:09.830603+00	2026-05-27 13:00:09.830603+00
910	17	1	open	miniapp	\N	2026-05-27 13:00:12.236756+00	2026-05-27 13:00:12.236756+00
911	15	1	open	miniapp	\N	2026-05-27 13:00:15.8264+00	2026-05-27 13:00:15.8264+00
912	15	1	open	miniapp	\N	2026-05-27 13:00:39.042606+00	2026-05-27 13:00:39.042606+00
913	15	1	open	miniapp	\N	2026-05-27 13:03:07.011018+00	2026-05-27 13:03:07.011018+00
914	15	1	favorite_remove	miniapp	\N	2026-05-27 13:03:12.171999+00	2026-05-27 13:03:12.171999+00
915	15	1	favorite_add	miniapp	\N	2026-05-27 13:03:13.073963+00	2026-05-27 13:03:13.073963+00
916	15	1	open	miniapp	\N	2026-05-27 13:03:30.117492+00	2026-05-27 13:03:30.117492+00
917	15	1	favorite_remove	miniapp	\N	2026-05-27 13:03:44.178953+00	2026-05-27 13:03:44.178953+00
918	15	1	favorite_add	miniapp	\N	2026-05-27 13:03:45.260233+00	2026-05-27 13:03:45.260233+00
919	17	1	open	miniapp	\N	2026-05-27 13:04:03.542155+00	2026-05-27 13:04:03.542155+00
920	15	1	open	miniapp	\N	2026-05-27 13:04:35.508988+00	2026-05-27 13:04:35.508988+00
921	17	1	open	miniapp	\N	2026-05-27 13:04:50.270514+00	2026-05-27 13:04:50.270514+00
922	15	1	open	miniapp	\N	2026-05-27 13:07:23.127764+00	2026-05-27 13:07:23.127764+00
923	15	1	share_click	miniapp	\N	2026-05-27 13:07:32.657933+00	2026-05-27 13:07:32.657933+00
924	17	1	open	miniapp	\N	2026-05-27 13:09:04.389269+00	2026-05-27 13:09:04.389269+00
925	17	1	open	miniapp	\N	2026-05-27 13:09:41.171752+00	2026-05-27 13:09:41.171752+00
926	17	1	open	miniapp	\N	2026-05-27 13:10:18.807683+00	2026-05-27 13:10:18.807683+00
927	15	1	open	miniapp	\N	2026-05-27 13:12:39.629578+00	2026-05-27 13:12:39.629578+00
928	17	1	open	miniapp	\N	2026-05-27 13:13:13.260486+00	2026-05-27 13:13:13.260486+00
929	15	1	open	miniapp	\N	2026-05-27 13:14:23.154676+00	2026-05-27 13:14:23.154676+00
930	18	1	open	miniapp	\N	2026-05-27 13:15:15.975054+00	2026-05-27 13:15:15.975054+00
931	15	1	open	miniapp	\N	2026-05-27 16:53:23.439233+00	2026-05-27 16:53:23.439233+00
932	17	1	open	miniapp	\N	2026-05-27 16:54:42.02614+00	2026-05-27 16:54:42.02614+00
933	17	1	open	miniapp	\N	2026-05-27 16:54:46.633171+00	2026-05-27 16:54:46.633171+00
934	17	1	open	miniapp	\N	2026-05-27 16:54:49.410504+00	2026-05-27 16:54:49.410504+00
935	15	1	open	miniapp	\N	2026-05-27 16:55:05.129499+00	2026-05-27 16:55:05.129499+00
936	17	1	open	miniapp	\N	2026-05-27 16:56:36.3153+00	2026-05-27 16:56:36.3153+00
937	17	1	open	miniapp	\N	2026-05-27 16:56:49.530452+00	2026-05-27 16:56:49.530452+00
938	17	1	open	miniapp	\N	2026-05-27 16:56:55.830163+00	2026-05-27 16:56:55.830163+00
939	17	1	open	miniapp	\N	2026-05-27 16:56:57.30608+00	2026-05-27 16:56:57.30608+00
940	17	1	open	miniapp	\N	2026-05-27 16:56:59.555402+00	2026-05-27 16:56:59.555402+00
941	17	1	open	miniapp	\N	2026-05-27 17:00:19.352128+00	2026-05-27 17:00:19.352128+00
942	17	1	open	miniapp	\N	2026-05-27 17:00:53.875725+00	2026-05-27 17:00:53.875725+00
943	17	1	open	miniapp	\N	2026-05-27 17:01:06.987009+00	2026-05-27 17:01:06.987009+00
944	15	1	open	miniapp	\N	2026-05-27 17:05:41.809587+00	2026-05-27 17:05:41.809587+00
945	17	1	open	miniapp	\N	2026-05-27 17:06:32.468928+00	2026-05-27 17:06:32.468928+00
946	15	1	open	miniapp	\N	2026-05-27 17:06:35.682513+00	2026-05-27 17:06:35.682513+00
947	17	1	open	miniapp	\N	2026-05-27 17:06:57.68901+00	2026-05-27 17:06:57.68901+00
948	15	1	open	miniapp	\N	2026-05-27 17:08:13.189463+00	2026-05-27 17:08:13.189463+00
949	15	1	open	miniapp	\N	2026-05-27 17:11:10.3919+00	2026-05-27 17:11:10.3919+00
950	15	1	open	miniapp	\N	2026-05-27 17:14:26.9386+00	2026-05-27 17:14:26.9386+00
951	15	1	open	miniapp	\N	2026-05-27 17:15:03.94167+00	2026-05-27 17:15:03.94167+00
952	15	1	favorite_remove	miniapp	\N	2026-05-27 17:15:30.368357+00	2026-05-27 17:15:30.368357+00
953	15	1	favorite_add	miniapp	\N	2026-05-27 17:15:31.776818+00	2026-05-27 17:15:31.776818+00
954	15	1	favorite_remove	miniapp	\N	2026-05-27 17:15:32.686046+00	2026-05-27 17:15:32.686046+00
955	15	1	favorite_add	miniapp	\N	2026-05-27 17:15:33.481609+00	2026-05-27 17:15:33.481609+00
956	15	1	favorite_remove	miniapp	\N	2026-05-27 17:15:49.597433+00	2026-05-27 17:15:49.597433+00
957	15	1	favorite_add	miniapp	\N	2026-05-27 17:15:50.043296+00	2026-05-27 17:15:50.043296+00
958	15	1	favorite_remove	miniapp	\N	2026-05-27 17:15:51.008511+00	2026-05-27 17:15:51.008511+00
959	15	1	favorite_add	miniapp	\N	2026-05-27 17:15:51.420054+00	2026-05-27 17:15:51.420054+00
960	15	1	favorite_remove	miniapp	\N	2026-05-27 17:15:52.247727+00	2026-05-27 17:15:52.247727+00
961	15	1	favorite_add	miniapp	\N	2026-05-27 17:15:53.416913+00	2026-05-27 17:15:53.416913+00
962	15	1	open	miniapp	\N	2026-05-27 17:16:31.509019+00	2026-05-27 17:16:31.509019+00
963	15	1	favorite_remove	miniapp	\N	2026-05-27 17:16:33.141811+00	2026-05-27 17:16:33.141811+00
964	15	1	favorite_add	miniapp	\N	2026-05-27 17:16:33.955634+00	2026-05-27 17:16:33.955634+00
965	15	1	favorite_remove	miniapp	\N	2026-05-27 17:16:34.903863+00	2026-05-27 17:16:34.903863+00
966	15	1	favorite_add	miniapp	\N	2026-05-27 17:16:35.748473+00	2026-05-27 17:16:35.748473+00
967	15	1	favorite_remove	miniapp	\N	2026-05-27 17:16:36.947038+00	2026-05-27 17:16:36.947038+00
968	15	1	favorite_add	miniapp	\N	2026-05-27 17:16:37.927465+00	2026-05-27 17:16:37.927465+00
969	15	1	favorite_remove	miniapp	\N	2026-05-27 17:16:39.860997+00	2026-05-27 17:16:39.860997+00
970	15	1	favorite_add	miniapp	\N	2026-05-27 17:16:40.525202+00	2026-05-27 17:16:40.525202+00
971	15	1	favorite_remove	miniapp	\N	2026-05-27 17:16:41.52577+00	2026-05-27 17:16:41.52577+00
972	15	1	favorite_add	miniapp	\N	2026-05-27 17:16:42.003544+00	2026-05-27 17:16:42.003544+00
973	15	1	favorite_remove	miniapp	\N	2026-05-27 17:16:42.971219+00	2026-05-27 17:16:42.971219+00
974	15	1	favorite_add	miniapp	\N	2026-05-27 17:16:43.572864+00	2026-05-27 17:16:43.572864+00
975	15	1	favorite_remove	miniapp	\N	2026-05-27 17:16:44.561883+00	2026-05-27 17:16:44.561883+00
976	15	1	favorite_add	miniapp	\N	2026-05-27 17:16:45.061008+00	2026-05-27 17:16:45.061008+00
977	15	1	favorite_remove	miniapp	\N	2026-05-27 17:17:03.294144+00	2026-05-27 17:17:03.294144+00
980	17	1	open	miniapp	\N	2026-05-27 17:17:51.099652+00	2026-05-27 17:17:51.099652+00
983	15	1	open	miniapp	\N	2026-05-27 17:33:07.03835+00	2026-05-27 17:33:07.03835+00
985	15	1	favorite_add	miniapp	\N	2026-05-27 17:33:19.061045+00	2026-05-27 17:33:19.061045+00
987	15	1	favorite_add	miniapp	\N	2026-05-27 17:33:20.280304+00	2026-05-27 17:33:20.280304+00
989	15	1	favorite_add	miniapp	\N	2026-05-27 17:33:21.679811+00	2026-05-27 17:33:21.679811+00
991	15	1	favorite_add	miniapp	\N	2026-05-27 17:33:23.667566+00	2026-05-27 17:33:23.667566+00
994	15	1	favorite_add	miniapp	\N	2026-05-27 17:35:06.176033+00	2026-05-27 17:35:06.176033+00
996	15	1	favorite_add	miniapp	\N	2026-05-27 17:35:08.497701+00	2026-05-27 17:35:08.497701+00
998	17	1	open	miniapp	\N	2026-05-27 17:35:22.414709+00	2026-05-27 17:35:22.414709+00
1000	17	1	favorite_add	miniapp	\N	2026-05-27 17:35:30.698692+00	2026-05-27 17:35:30.698692+00
1003	15	1	favorite_add	miniapp	\N	2026-05-27 17:39:53.091402+00	2026-05-27 17:39:53.091402+00
1005	15	1	favorite_add	miniapp	\N	2026-05-27 17:39:54.516273+00	2026-05-27 17:39:54.516273+00
1007	15	1	favorite_add	miniapp	\N	2026-05-27 17:39:55.899632+00	2026-05-27 17:39:55.899632+00
1009	15	1	favorite_add	miniapp	\N	2026-05-27 17:39:57.443292+00	2026-05-27 17:39:57.443292+00
1011	15	1	favorite_add	miniapp	\N	2026-05-27 17:39:59.058+00	2026-05-27 17:39:59.058+00
1013	15	1	share_click	miniapp	\N	2026-05-27 17:40:25.252707+00	2026-05-27 17:40:25.252707+00
1015	17	1	open	miniapp	\N	2026-05-27 17:40:31.846818+00	2026-05-27 17:40:31.846818+00
1019	17	1	open	miniapp	\N	2026-05-27 17:42:04.92776+00	2026-05-27 17:42:04.92776+00
1023	15	1	favorite_remove	miniapp	\N	2026-05-27 17:43:31.024039+00	2026-05-27 17:43:31.024039+00
1025	15	1	favorite_remove	miniapp	\N	2026-05-27 17:43:32.688185+00	2026-05-27 17:43:32.688185+00
1027	15	1	favorite_remove	miniapp	\N	2026-05-27 17:43:34.608531+00	2026-05-27 17:43:34.608531+00
1029	15	1	favorite_remove	miniapp	\N	2026-05-27 17:43:36.486471+00	2026-05-27 17:43:36.486471+00
1030	15	1	open	miniapp	\N	2026-05-27 17:43:43.791405+00	2026-05-27 17:43:43.791405+00
1032	18	1	open	miniapp	\N	2026-05-27 17:43:55.632827+00	2026-05-27 17:43:55.632827+00
1034	17	1	open	miniapp	\N	2026-05-27 17:44:03.653914+00	2026-05-27 17:44:03.653914+00
1036	17	1	open	miniapp	\N	2026-05-27 17:44:06.942309+00	2026-05-27 17:44:06.942309+00
1037	17	1	open	miniapp	\N	2026-05-27 17:44:27.526496+00	2026-05-27 17:44:27.526496+00
1038	17	1	open	miniapp	\N	2026-05-27 17:45:07.807644+00	2026-05-27 17:45:07.807644+00
1040	17	1	favorite_add	miniapp	\N	2026-05-27 17:46:15.315764+00	2026-05-27 17:46:15.315764+00
1042	17	1	favorite_add	miniapp	\N	2026-05-27 17:46:20.71207+00	2026-05-27 17:46:20.71207+00
1044	17	1	favorite_add	miniapp	\N	2026-05-27 17:46:22.320414+00	2026-05-27 17:46:22.320414+00
1046	17	1	favorite_add	miniapp	\N	2026-05-27 17:46:23.759829+00	2026-05-27 17:46:23.759829+00
1048	17	1	favorite_add	miniapp	\N	2026-05-27 17:46:25.239911+00	2026-05-27 17:46:25.239911+00
1050	17	1	favorite_add	miniapp	\N	2026-05-27 17:46:27.589575+00	2026-05-27 17:46:27.589575+00
1053	17	1	open	miniapp	\N	2026-05-27 17:46:51.349956+00	2026-05-27 17:46:51.349956+00
1055	17	1	open	miniapp	\N	2026-05-27 17:57:53.051274+00	2026-05-27 17:57:53.051274+00
1056	17	1	open	miniapp	\N	2026-05-27 17:59:57.14796+00	2026-05-27 17:59:57.14796+00
1266	17	1	open	miniapp	\N	2026-05-27 22:54:17.273462+00	2026-05-27 22:54:17.273462+00
1268	17	1	open	miniapp	\N	2026-05-27 22:54:44.461732+00	2026-05-27 22:54:44.461732+00
1269	17	1	open	miniapp	\N	2026-05-27 22:56:01.191733+00	2026-05-27 22:56:01.191733+00
1273	17	1	open	miniapp	\N	2026-05-27 23:03:20.195436+00	2026-05-27 23:03:20.195436+00
1274	17	1	open	miniapp	\N	2026-05-27 23:07:39.640567+00	2026-05-27 23:07:39.640567+00
1275	17	1	open	miniapp	\N	2026-05-28 07:23:47.140288+00	2026-05-28 07:23:47.140288+00
1277	18	1	favorite_add	miniapp	\N	2026-05-28 07:24:38.192501+00	2026-05-28 07:24:38.192501+00
1279	17	1	open	miniapp	\N	2026-05-28 07:25:53.186139+00	2026-05-28 07:25:53.186139+00
1281	17	1	open	miniapp	\N	2026-05-28 07:26:17.157338+00	2026-05-28 07:26:17.157338+00
1283	18	1	open	miniapp	\N	2026-05-28 07:27:13.383985+00	2026-05-28 07:27:13.383985+00
1285	17	1	open	miniapp	\N	2026-05-28 07:27:37.242834+00	2026-05-28 07:27:37.242834+00
1287	18	1	open	miniapp	\N	2026-05-28 07:30:43.554225+00	2026-05-28 07:30:43.554225+00
1289	17	1	open	miniapp	\N	2026-05-28 07:30:57.819565+00	2026-05-28 07:30:57.819565+00
1290	17	1	open	miniapp	\N	2026-05-28 07:32:53.470804+00	2026-05-28 07:32:53.470804+00
1291	17	1	open	miniapp	\N	2026-05-28 07:34:53.901293+00	2026-05-28 07:34:53.901293+00
1293	18	1	open	miniapp	\N	2026-05-28 07:35:34.442056+00	2026-05-28 07:35:34.442056+00
1294	17	1	open	miniapp	\N	2026-05-28 07:43:02.41108+00	2026-05-28 07:43:02.41108+00
1295	17	1	open	miniapp	\N	2026-05-28 11:20:07.536512+00	2026-05-28 11:20:07.536512+00
1296	17	1	open	miniapp	\N	2026-05-28 11:20:28.418936+00	2026-05-28 11:20:28.418936+00
1297	17	1	open	miniapp	\N	2026-05-28 11:27:05.65318+00	2026-05-28 11:27:05.65318+00
1321	17	1	open	miniapp	\N	2026-05-28 12:40:05.521619+00	2026-05-28 12:40:05.521619+00
1322	17	1	open	miniapp	\N	2026-05-28 12:45:34.233899+00	2026-05-28 12:45:34.233899+00
1329	17	1	open	miniapp	\N	2026-05-28 13:16:54.664689+00	2026-05-28 13:16:54.664689+00
1395	17	1	open	miniapp	\N	2026-05-28 15:38:40.852722+00	2026-05-28 15:38:40.852722+00
1396	15	1	open	miniapp	\N	2026-05-28 15:38:44.319044+00	2026-05-28 15:38:44.319044+00
1397	15	1	open	miniapp	\N	2026-05-28 15:38:48.269113+00	2026-05-28 15:38:48.269113+00
1398	15	1	open	miniapp	\N	2026-05-28 15:38:53.143314+00	2026-05-28 15:38:53.143314+00
1399	15	1	favorite_add	miniapp	\N	2026-05-28 15:39:46.080971+00	2026-05-28 15:39:46.080971+00
1400	15	1	favorite_remove	miniapp	\N	2026-05-28 15:39:47.148892+00	2026-05-28 15:39:47.148892+00
1401	15	1	favorite_add	miniapp	\N	2026-05-28 15:39:47.647038+00	2026-05-28 15:39:47.647038+00
1402	15	1	favorite_remove	miniapp	\N	2026-05-28 15:39:48.351919+00	2026-05-28 15:39:48.351919+00
1403	17	1	open	miniapp	\N	2026-05-28 15:44:24.112281+00	2026-05-28 15:44:24.112281+00
1404	15	1	open	miniapp	\N	2026-05-28 15:44:29.969188+00	2026-05-28 15:44:29.969188+00
1405	17	1	open	miniapp	\N	2026-05-28 15:49:42.846723+00	2026-05-28 15:49:42.846723+00
1406	17	1	open	miniapp	\N	2026-05-28 15:55:09.773983+00	2026-05-28 15:55:09.773983+00
1407	17	1	open	miniapp	\N	2026-05-28 16:10:18.091205+00	2026-05-28 16:10:18.091205+00
1408	17	1	favorite_add	miniapp	\N	2026-05-28 16:10:21.380136+00	2026-05-28 16:10:21.380136+00
1412	17	1	open	miniapp	\N	2026-05-28 16:10:35.273445+00	2026-05-28 16:10:35.273445+00
1413	17	1	open	miniapp	\N	2026-05-28 16:11:38.701174+00	2026-05-28 16:11:38.701174+00
1414	17	1	open	miniapp	\N	2026-05-28 16:11:51.604682+00	2026-05-28 16:11:51.604682+00
1415	17	1	open	miniapp	\N	2026-05-28 16:15:51.09122+00	2026-05-28 16:15:51.09122+00
1416	17	1	open	miniapp	\N	2026-05-28 16:28:52.753642+00	2026-05-28 16:28:52.753642+00
1418	17	1	favorite_remove	miniapp	\N	2026-05-28 16:28:54.364658+00	2026-05-28 16:28:54.364658+00
1420	17	1	open	miniapp	\N	2026-05-28 16:35:28.314345+00	2026-05-28 16:35:28.314345+00
1421	17	1	open	miniapp	\N	2026-05-28 16:37:28.865296+00	2026-05-28 16:37:28.865296+00
1425	17	1	open	miniapp	\N	2026-05-28 17:02:55.877878+00	2026-05-28 17:02:55.877878+00
1426	17	1	open	miniapp	\N	2026-05-28 17:19:41.94947+00	2026-05-28 17:19:41.94947+00
1427	17	1	open	miniapp	\N	2026-05-28 19:03:45.751028+00	2026-05-28 19:03:45.751028+00
1446	17	1	open	miniapp	\N	2026-05-28 19:44:40.492037+00	2026-05-28 19:44:40.492037+00
1447	17	1	open	miniapp	\N	2026-05-28 19:44:50.060006+00	2026-05-28 19:44:50.060006+00
1448	17	1	open	miniapp	\N	2026-05-28 19:47:21.652772+00	2026-05-28 19:47:21.652772+00
1449	17	1	open	miniapp	\N	2026-05-28 19:50:30.877532+00	2026-05-28 19:50:30.877532+00
1450	17	1	open	miniapp	\N	2026-05-28 19:53:00.024592+00	2026-05-28 19:53:00.024592+00
1451	17	1	open	miniapp	\N	2026-05-28 19:53:56.65206+00	2026-05-28 19:53:56.65206+00
1453	17	1	open	miniapp	\N	2026-05-28 19:54:14.341081+00	2026-05-28 19:54:14.341081+00
1455	17	1	open	miniapp	\N	2026-05-28 19:57:39.408452+00	2026-05-28 19:57:39.408452+00
978	15	1	favorite_add	miniapp	\N	2026-05-27 17:17:03.912097+00	2026-05-27 17:17:03.912097+00
979	17	1	open	miniapp	\N	2026-05-27 17:17:44.834765+00	2026-05-27 17:17:44.834765+00
981	17	1	share_click	miniapp	\N	2026-05-27 17:17:53.964584+00	2026-05-27 17:17:53.964584+00
982	15	1	open	miniapp	\N	2026-05-27 17:18:23.686121+00	2026-05-27 17:18:23.686121+00
984	15	1	favorite_remove	miniapp	\N	2026-05-27 17:33:18.266379+00	2026-05-27 17:33:18.266379+00
986	15	1	favorite_remove	miniapp	\N	2026-05-27 17:33:19.775075+00	2026-05-27 17:33:19.775075+00
988	15	1	favorite_remove	miniapp	\N	2026-05-27 17:33:21.101027+00	2026-05-27 17:33:21.101027+00
990	15	1	favorite_remove	miniapp	\N	2026-05-27 17:33:22.746816+00	2026-05-27 17:33:22.746816+00
992	15	1	favorite_remove	miniapp	\N	2026-05-27 17:33:24.866094+00	2026-05-27 17:33:24.866094+00
993	15	1	open	miniapp	\N	2026-05-27 17:35:04.179024+00	2026-05-27 17:35:04.179024+00
995	15	1	favorite_remove	miniapp	\N	2026-05-27 17:35:07.393323+00	2026-05-27 17:35:07.393323+00
997	15	1	favorite_remove	miniapp	\N	2026-05-27 17:35:09.497422+00	2026-05-27 17:35:09.497422+00
999	17	1	open	miniapp	\N	2026-05-27 17:35:29.421286+00	2026-05-27 17:35:29.421286+00
1001	17	1	favorite_remove	miniapp	\N	2026-05-27 17:35:31.586359+00	2026-05-27 17:35:31.586359+00
1002	15	1	open	miniapp	\N	2026-05-27 17:39:50.893234+00	2026-05-27 17:39:50.893234+00
1004	15	1	favorite_remove	miniapp	\N	2026-05-27 17:39:54.011989+00	2026-05-27 17:39:54.011989+00
1006	15	1	favorite_remove	miniapp	\N	2026-05-27 17:39:55.415391+00	2026-05-27 17:39:55.415391+00
1008	15	1	favorite_remove	miniapp	\N	2026-05-27 17:39:56.798482+00	2026-05-27 17:39:56.798482+00
1010	15	1	favorite_remove	miniapp	\N	2026-05-27 17:39:58.415189+00	2026-05-27 17:39:58.415189+00
1012	15	1	favorite_remove	miniapp	\N	2026-05-27 17:39:59.77689+00	2026-05-27 17:39:59.77689+00
1014	15	1	share_click	miniapp	\N	2026-05-27 17:40:27.622905+00	2026-05-27 17:40:27.622905+00
1016	17	1	open	miniapp	\N	2026-05-27 17:40:41.164691+00	2026-05-27 17:40:41.164691+00
1017	15	1	open	miniapp	\N	2026-05-27 17:41:41.417858+00	2026-05-27 17:41:41.417858+00
1018	15	1	open	miniapp	\N	2026-05-27 17:42:01.137072+00	2026-05-27 17:42:01.137072+00
1020	17	1	open	miniapp	\N	2026-05-27 17:42:30.135733+00	2026-05-27 17:42:30.135733+00
1021	15	1	open	miniapp	\N	2026-05-27 17:43:21.00781+00	2026-05-27 17:43:21.00781+00
1022	15	1	favorite_add	miniapp	\N	2026-05-27 17:43:30.548215+00	2026-05-27 17:43:30.548215+00
1024	15	1	favorite_add	miniapp	\N	2026-05-27 17:43:31.792163+00	2026-05-27 17:43:31.792163+00
1026	15	1	favorite_add	miniapp	\N	2026-05-27 17:43:33.713626+00	2026-05-27 17:43:33.713626+00
1028	15	1	favorite_add	miniapp	\N	2026-05-27 17:43:35.460539+00	2026-05-27 17:43:35.460539+00
1031	15	1	share_click	miniapp	\N	2026-05-27 17:43:48.464226+00	2026-05-27 17:43:48.464226+00
1033	17	1	open	miniapp	\N	2026-05-27 17:43:58.523032+00	2026-05-27 17:43:58.523032+00
1035	18	1	open	miniapp	\N	2026-05-27 17:44:05.490109+00	2026-05-27 17:44:05.490109+00
1039	17	1	open	miniapp	\N	2026-05-27 17:45:54.731631+00	2026-05-27 17:45:54.731631+00
1041	17	1	favorite_remove	miniapp	\N	2026-05-27 17:46:19.964419+00	2026-05-27 17:46:19.964419+00
1043	17	1	favorite_remove	miniapp	\N	2026-05-27 17:46:21.562137+00	2026-05-27 17:46:21.562137+00
1045	17	1	favorite_remove	miniapp	\N	2026-05-27 17:46:23.184112+00	2026-05-27 17:46:23.184112+00
1047	17	1	favorite_remove	miniapp	\N	2026-05-27 17:46:24.560732+00	2026-05-27 17:46:24.560732+00
1049	17	1	favorite_remove	miniapp	\N	2026-05-27 17:46:26.462396+00	2026-05-27 17:46:26.462396+00
1051	17	1	open	miniapp	\N	2026-05-27 17:46:32.758281+00	2026-05-27 17:46:32.758281+00
1052	15	1	open	miniapp	\N	2026-05-27 17:46:47.784259+00	2026-05-27 17:46:47.784259+00
1054	17	1	open	miniapp	\N	2026-05-27 17:47:54.03519+00	2026-05-27 17:47:54.03519+00
1057	17	1	open	miniapp	\N	2026-05-27 18:01:33.554481+00	2026-05-27 18:01:33.554481+00
1058	17	1	open	miniapp	\N	2026-05-27 18:01:51.725903+00	2026-05-27 18:01:51.725903+00
1059	17	1	open	miniapp	\N	2026-05-27 18:02:01.493773+00	2026-05-27 18:02:01.493773+00
1060	17	1	open	miniapp	\N	2026-05-27 18:02:10.180298+00	2026-05-27 18:02:10.180298+00
1061	17	1	open	miniapp	\N	2026-05-27 18:02:43.775736+00	2026-05-27 18:02:43.775736+00
1062	17	1	open	miniapp	\N	2026-05-27 18:03:53.411795+00	2026-05-27 18:03:53.411795+00
1063	17	1	open	miniapp	\N	2026-05-27 18:04:01.147225+00	2026-05-27 18:04:01.147225+00
1064	17	1	open	miniapp	\N	2026-05-27 18:05:45.316737+00	2026-05-27 18:05:45.316737+00
1065	17	1	open	miniapp	\N	2026-05-27 18:09:40.526861+00	2026-05-27 18:09:40.526861+00
1066	17	1	open	miniapp	\N	2026-05-27 18:11:02.959097+00	2026-05-27 18:11:02.959097+00
1067	17	1	open	miniapp	\N	2026-05-27 18:11:27.11331+00	2026-05-27 18:11:27.11331+00
1068	17	1	open	miniapp	\N	2026-05-27 18:13:09.37176+00	2026-05-27 18:13:09.37176+00
1069	17	1	open	miniapp	\N	2026-05-27 18:13:09.635434+00	2026-05-27 18:13:09.635434+00
1070	17	1	open	miniapp	\N	2026-05-27 18:27:56.254917+00	2026-05-27 18:27:56.254917+00
1071	17	1	open	miniapp	\N	2026-05-27 18:28:37.641017+00	2026-05-27 18:28:37.641017+00
1072	17	1	open	miniapp	\N	2026-05-27 18:29:02.612798+00	2026-05-27 18:29:02.612798+00
1073	17	1	favorite_remove	miniapp	\N	2026-05-27 18:29:13.982986+00	2026-05-27 18:29:13.982986+00
1074	17	1	favorite_add	miniapp	\N	2026-05-27 18:29:15.178263+00	2026-05-27 18:29:15.178263+00
1075	17	1	favorite_remove	miniapp	\N	2026-05-27 18:29:16.125722+00	2026-05-27 18:29:16.125722+00
1076	17	1	favorite_add	miniapp	\N	2026-05-27 18:29:16.843531+00	2026-05-27 18:29:16.843531+00
1077	17	1	open	miniapp	\N	2026-05-27 18:29:30.884012+00	2026-05-27 18:29:30.884012+00
1078	17	1	open	miniapp	\N	2026-05-27 18:36:11.986759+00	2026-05-27 18:36:11.986759+00
1079	17	1	open	miniapp	\N	2026-05-27 18:37:21.543594+00	2026-05-27 18:37:21.543594+00
1080	17	1	open	miniapp	\N	2026-05-27 18:41:13.193948+00	2026-05-27 18:41:13.193948+00
1081	17	1	open	miniapp	\N	2026-05-27 18:44:58.889991+00	2026-05-27 18:44:58.889991+00
1082	17	1	open	miniapp	\N	2026-05-27 18:49:18.750101+00	2026-05-27 18:49:18.750101+00
1083	17	1	open	miniapp	\N	2026-05-27 19:20:44.469018+00	2026-05-27 19:20:44.469018+00
1084	17	1	open	miniapp	\N	2026-05-27 19:23:10.215341+00	2026-05-27 19:23:10.215341+00
1085	17	1	open	miniapp	\N	2026-05-27 19:24:12.989293+00	2026-05-27 19:24:12.989293+00
1086	17	1	open	miniapp	\N	2026-05-27 19:24:41.233484+00	2026-05-27 19:24:41.233484+00
1087	17	1	open	miniapp	\N	2026-05-27 19:25:50.577842+00	2026-05-27 19:25:50.577842+00
1088	17	1	open	miniapp	\N	2026-05-27 19:25:59.818039+00	2026-05-27 19:25:59.818039+00
1089	17	1	open	miniapp	\N	2026-05-27 19:26:45.583962+00	2026-05-27 19:26:45.583962+00
1090	17	1	open	miniapp	\N	2026-05-27 19:29:53.258493+00	2026-05-27 19:29:53.258493+00
1091	17	1	open	miniapp	\N	2026-05-27 19:31:05.419916+00	2026-05-27 19:31:05.419916+00
1092	17	1	open	miniapp	\N	2026-05-27 19:32:04.776143+00	2026-05-27 19:32:04.776143+00
1093	17	1	open	miniapp	\N	2026-05-27 19:32:48.133084+00	2026-05-27 19:32:48.133084+00
1094	17	1	open	miniapp	\N	2026-05-27 19:33:01.60732+00	2026-05-27 19:33:01.60732+00
1095	17	1	open	miniapp	\N	2026-05-27 19:35:20.929683+00	2026-05-27 19:35:20.929683+00
1096	17	1	open	miniapp	\N	2026-05-27 20:26:32.653768+00	2026-05-27 20:26:32.653768+00
1097	17	1	open	miniapp	\N	2026-05-27 20:32:57.302714+00	2026-05-27 20:32:57.302714+00
1098	17	1	open	miniapp	\N	2026-05-27 20:33:13.104775+00	2026-05-27 20:33:13.104775+00
1099	17	1	open	miniapp	\N	2026-05-27 20:34:54.118634+00	2026-05-27 20:34:54.118634+00
1100	15	1	open	miniapp	\N	2026-05-27 20:36:05.925548+00	2026-05-27 20:36:05.925548+00
1101	15	1	open	miniapp	\N	2026-05-27 20:36:15.235212+00	2026-05-27 20:36:15.235212+00
1102	17	1	open	miniapp	\N	2026-05-27 20:42:55.473104+00	2026-05-27 20:42:55.473104+00
1103	17	1	open	miniapp	\N	2026-05-27 20:44:30.4041+00	2026-05-27 20:44:30.4041+00
1104	17	1	open	miniapp	\N	2026-05-27 20:51:39.792583+00	2026-05-27 20:51:39.792583+00
1105	17	1	open	miniapp	\N	2026-05-27 20:55:11.755789+00	2026-05-27 20:55:11.755789+00
1106	17	1	open	miniapp	\N	2026-05-27 20:56:42.557597+00	2026-05-27 20:56:42.557597+00
1107	17	1	open	miniapp	\N	2026-05-27 20:58:56.27759+00	2026-05-27 20:58:56.27759+00
1108	17	1	open	miniapp	\N	2026-05-27 21:00:07.5041+00	2026-05-27 21:00:07.5041+00
1109	17	1	open	miniapp	\N	2026-05-27 21:00:27.26771+00	2026-05-27 21:00:27.26771+00
1110	17	1	open	miniapp	\N	2026-05-27 21:01:49.894558+00	2026-05-27 21:01:49.894558+00
1111	17	1	open	miniapp	\N	2026-05-27 21:02:13.440717+00	2026-05-27 21:02:13.440717+00
1112	17	1	open	miniapp	\N	2026-05-27 21:03:43.242165+00	2026-05-27 21:03:43.242165+00
1115	17	1	open	miniapp	\N	2026-05-27 21:08:26.298485+00	2026-05-27 21:08:26.298485+00
1117	17	1	open	miniapp	\N	2026-05-27 21:08:49.385133+00	2026-05-27 21:08:49.385133+00
1119	17	1	open	miniapp	\N	2026-05-27 21:08:54.110187+00	2026-05-27 21:08:54.110187+00
1120	17	1	open	miniapp	\N	2026-05-27 21:09:07.6683+00	2026-05-27 21:09:07.6683+00
1121	17	1	open	miniapp	\N	2026-05-27 21:11:34.266173+00	2026-05-27 21:11:34.266173+00
1122	17	1	open	miniapp	\N	2026-05-27 21:14:05.937748+00	2026-05-27 21:14:05.937748+00
1123	17	1	open	miniapp	\N	2026-05-27 21:17:42.839193+00	2026-05-27 21:17:42.839193+00
1124	17	1	open	miniapp	\N	2026-05-27 21:19:07.226163+00	2026-05-27 21:19:07.226163+00
1127	17	1	open	miniapp	\N	2026-05-27 21:26:35.525748+00	2026-05-27 21:26:35.525748+00
1128	17	1	open	miniapp	\N	2026-05-27 21:29:35.354073+00	2026-05-27 21:29:35.354073+00
1129	17	1	open	miniapp	\N	2026-05-27 21:31:20.109069+00	2026-05-27 21:31:20.109069+00
1130	17	1	open	miniapp	\N	2026-05-27 21:34:11.825669+00	2026-05-27 21:34:11.825669+00
1131	17	1	open	miniapp	\N	2026-05-27 21:35:14.179898+00	2026-05-27 21:35:14.179898+00
1133	17	1	open	miniapp	\N	2026-05-27 21:40:57.427809+00	2026-05-27 21:40:57.427809+00
1134	17	1	open	miniapp	\N	2026-05-27 21:42:22.338036+00	2026-05-27 21:42:22.338036+00
1267	17	1	open	miniapp	\N	2026-05-27 22:54:40.451014+00	2026-05-27 22:54:40.451014+00
1270	17	1	open	miniapp	\N	2026-05-27 22:56:46.76344+00	2026-05-27 22:56:46.76344+00
1271	17	1	open	miniapp	\N	2026-05-27 22:59:36.035203+00	2026-05-27 22:59:36.035203+00
1272	17	1	open	miniapp	\N	2026-05-27 23:01:47.810865+00	2026-05-27 23:01:47.810865+00
1276	18	1	open	miniapp	\N	2026-05-28 07:24:37.199878+00	2026-05-28 07:24:37.199878+00
1278	17	1	open	miniapp	\N	2026-05-28 07:25:13.676066+00	2026-05-28 07:25:13.676066+00
1280	17	1	share_click	miniapp	\N	2026-05-28 07:26:04.622487+00	2026-05-28 07:26:04.622487+00
1282	17	1	open	miniapp	\N	2026-05-28 07:26:22.171025+00	2026-05-28 07:26:22.171025+00
1284	18	1	open	miniapp	\N	2026-05-28 07:27:20.262979+00	2026-05-28 07:27:20.262979+00
1286	17	1	open	miniapp	\N	2026-05-28 07:30:33.938359+00	2026-05-28 07:30:33.938359+00
1288	15	1	open	miniapp	\N	2026-05-28 07:30:52.681194+00	2026-05-28 07:30:52.681194+00
1292	18	1	open	miniapp	\N	2026-05-28 07:35:28.571656+00	2026-05-28 07:35:28.571656+00
1298	18	1	open	miniapp	\N	2026-05-28 11:27:09.178881+00	2026-05-28 11:27:09.178881+00
1323	17	1	open	miniapp	\N	2026-05-28 12:47:37.507837+00	2026-05-28 12:47:37.507837+00
1324	17	1	open	miniapp	\N	2026-05-28 12:52:48.967785+00	2026-05-28 12:52:48.967785+00
1330	17	1	open	miniapp	\N	2026-05-28 13:22:45.256231+00	2026-05-28 13:22:45.256231+00
1409	17	1	favorite_remove	miniapp	\N	2026-05-28 16:10:22.063848+00	2026-05-28 16:10:22.063848+00
1410	17	1	open	miniapp	\N	2026-05-28 16:10:32.375515+00	2026-05-28 16:10:32.375515+00
1411	18	1	open	miniapp	\N	2026-05-28 16:10:33.60533+00	2026-05-28 16:10:33.60533+00
1417	17	1	favorite_add	miniapp	\N	2026-05-28 16:28:53.868079+00	2026-05-28 16:28:53.868079+00
1419	17	1	open	miniapp	\N	2026-05-28 16:31:41.982395+00	2026-05-28 16:31:41.982395+00
1422	17	1	open	miniapp	\N	2026-05-28 16:53:28.381323+00	2026-05-28 16:53:28.381323+00
1423	18	1	open	miniapp	\N	2026-05-28 16:54:22.441406+00	2026-05-28 16:54:22.441406+00
1424	17	1	open	miniapp	\N	2026-05-28 17:02:48.028965+00	2026-05-28 17:02:48.028965+00
1428	17	1	open	miniapp	\N	2026-05-28 19:04:18.082622+00	2026-05-28 19:04:18.082622+00
1456	17	1	open	miniapp	\N	2026-05-28 19:59:26.21418+00	2026-05-28 19:59:26.21418+00
1457	17	1	open	miniapp	\N	2026-05-28 19:59:57.218226+00	2026-05-28 19:59:57.218226+00
1459	17	1	open	miniapp	\N	2026-05-28 20:00:42.183798+00	2026-05-28 20:00:42.183798+00
1462	17	1	open	miniapp	\N	2026-05-28 20:00:59.671393+00	2026-05-28 20:00:59.671393+00
1465	17	1	open	miniapp	\N	2026-05-28 20:01:59.167097+00	2026-05-28 20:01:59.167097+00
1466	17	1	open	miniapp	\N	2026-05-28 20:02:12.500935+00	2026-05-28 20:02:12.500935+00
1467	17	1	open	miniapp	\N	2026-05-28 20:02:17.616926+00	2026-05-28 20:02:17.616926+00
1468	17	1	open	miniapp	\N	2026-05-28 20:02:43.73099+00	2026-05-28 20:02:43.73099+00
1473	17	1	open	miniapp	\N	2026-05-28 20:05:17.996593+00	2026-05-28 20:05:17.996593+00
1474	17	1	open	miniapp	\N	2026-05-28 20:08:54.778436+00	2026-05-28 20:08:54.778436+00
1476	17	1	open	miniapp	\N	2026-05-28 20:09:34.721709+00	2026-05-28 20:09:34.721709+00
1478	17	1	open	miniapp	\N	2026-05-28 20:10:00.832324+00	2026-05-28 20:10:00.832324+00
1480	17	1	open	miniapp	\N	2026-05-28 20:10:44.460954+00	2026-05-28 20:10:44.460954+00
1481	17	1	open	miniapp	\N	2026-05-28 20:12:40.612407+00	2026-05-28 20:12:40.612407+00
1482	17	1	open	miniapp	\N	2026-05-28 20:12:51.754211+00	2026-05-28 20:12:51.754211+00
1483	17	1	open	miniapp	\N	2026-05-28 20:16:26.428521+00	2026-05-28 20:16:26.428521+00
1484	17	1	open	miniapp	\N	2026-05-28 20:16:51.627027+00	2026-05-28 20:16:51.627027+00
1488	17	1	open	miniapp	\N	2026-05-28 20:17:41.620565+00	2026-05-28 20:17:41.620565+00
1492	17	1	open	miniapp	\N	2026-05-28 20:22:59.054838+00	2026-05-28 20:22:59.054838+00
1493	17	1	open	miniapp	\N	2026-05-28 20:23:07.620403+00	2026-05-28 20:23:07.620403+00
1495	18	1	open	miniapp	\N	2026-05-28 20:23:16.473475+00	2026-05-28 20:23:16.473475+00
1497	18	1	open	miniapp	\N	2026-05-28 20:25:09.099274+00	2026-05-28 20:25:09.099274+00
1499	17	1	open	miniapp	\N	2026-05-28 20:28:01.59065+00	2026-05-28 20:28:01.59065+00
1500	18	1	open	miniapp	\N	2026-05-28 20:28:51.334047+00	2026-05-28 20:28:51.334047+00
1501	18	1	open	miniapp	\N	2026-05-28 20:28:58.868376+00	2026-05-28 20:28:58.868376+00
1502	17	1	open	miniapp	\N	2026-05-28 20:30:32.075756+00	2026-05-28 20:30:32.075756+00
1506	17	1	open	miniapp	\N	2026-05-28 20:37:06.198779+00	2026-05-28 20:37:06.198779+00
1508	17	1	open	miniapp	\N	2026-05-28 20:37:43.761646+00	2026-05-28 20:37:43.761646+00
1510	17	1	open	miniapp	\N	2026-05-28 20:39:43.576859+00	2026-05-28 20:39:43.576859+00
1511	17	1	open	miniapp	\N	2026-05-28 20:40:21.279806+00	2026-05-28 20:40:21.279806+00
1536	17	1	open	miniapp	\N	2026-05-28 21:02:05.993859+00	2026-05-28 21:02:05.993859+00
1537	18	1	open	miniapp	\N	2026-05-28 21:02:11.821523+00	2026-05-28 21:02:11.821523+00
1538	17	1	open	miniapp	\N	2026-05-28 21:04:48.173414+00	2026-05-28 21:04:48.173414+00
1539	17	1	favorite_add	miniapp	\N	2026-05-28 21:04:54.597308+00	2026-05-28 21:04:54.597308+00
1540	17	1	favorite_remove	miniapp	\N	2026-05-28 21:04:55.335419+00	2026-05-28 21:04:55.335419+00
1541	17	1	open	miniapp	\N	2026-05-28 21:05:35.19043+00	2026-05-28 21:05:35.19043+00
1542	17	1	open	miniapp	\N	2026-05-28 21:06:50.714397+00	2026-05-28 21:06:50.714397+00
1543	17	1	open	miniapp	\N	2026-05-28 21:06:54.979684+00	2026-05-28 21:06:54.979684+00
1544	18	1	open	miniapp	\N	2026-05-28 21:06:58.587386+00	2026-05-28 21:06:58.587386+00
1545	18	1	open	miniapp	\N	2026-05-28 21:07:43.554295+00	2026-05-28 21:07:43.554295+00
1546	18	1	open	miniapp	\N	2026-05-28 21:07:51.413353+00	2026-05-28 21:07:51.413353+00
1547	18	1	open	miniapp	\N	2026-05-28 21:07:58.948164+00	2026-05-28 21:07:58.948164+00
1549	18	1	open	miniapp	\N	2026-05-28 21:08:03.209376+00	2026-05-28 21:08:03.209376+00
1551	18	1	open	miniapp	\N	2026-05-28 21:08:13.754588+00	2026-05-28 21:08:13.754588+00
1553	17	1	open	miniapp	\N	2026-05-28 21:13:42.029546+00	2026-05-28 21:13:42.029546+00
1556	18	1	open	miniapp	\N	2026-05-28 21:14:46.554416+00	2026-05-28 21:14:46.554416+00
1557	17	1	open	miniapp	\N	2026-05-28 21:16:30.306695+00	2026-05-28 21:16:30.306695+00
1559	17	1	open	miniapp	\N	2026-05-28 21:17:37.852489+00	2026-05-28 21:17:37.852489+00
1562	18	1	open	miniapp	\N	2026-05-28 21:19:05.773837+00	2026-05-28 21:19:05.773837+00
1563	17	1	open	miniapp	\N	2026-05-28 21:21:15.325939+00	2026-05-28 21:21:15.325939+00
1566	18	1	open	miniapp	\N	2026-05-28 21:22:23.093476+00	2026-05-28 21:22:23.093476+00
1567	17	1	open	miniapp	\N	2026-05-28 21:23:58.670936+00	2026-05-28 21:23:58.670936+00
1113	17	1	open	miniapp	\N	2026-05-27 21:05:12.535414+00	2026-05-27 21:05:12.535414+00
1114	17	1	open	miniapp	\N	2026-05-27 21:06:08.226735+00	2026-05-27 21:06:08.226735+00
1116	17	1	open	miniapp	\N	2026-05-27 21:08:46.190316+00	2026-05-27 21:08:46.190316+00
1118	17	1	open	miniapp	\N	2026-05-27 21:08:51.541956+00	2026-05-27 21:08:51.541956+00
1125	18	1	open	miniapp	\N	2026-05-27 21:20:06.109656+00	2026-05-27 21:20:06.109656+00
1126	17	1	open	miniapp	\N	2026-05-27 21:24:24.466255+00	2026-05-27 21:24:24.466255+00
1132	17	1	open	miniapp	\N	2026-05-27 21:37:45.659515+00	2026-05-27 21:37:45.659515+00
1135	17	1	open	miniapp	\N	2026-05-27 21:43:05.546949+00	2026-05-27 21:43:05.546949+00
1136	17	1	open	miniapp	\N	2026-05-27 21:45:52.417334+00	2026-05-27 21:45:52.417334+00
1137	17	1	open	miniapp	\N	2026-05-27 21:50:14.20286+00	2026-05-27 21:50:14.20286+00
1138	17	1	open	miniapp	\N	2026-05-27 21:51:19.151466+00	2026-05-27 21:51:19.151466+00
1139	17	1	open	miniapp	\N	2026-05-27 21:51:44.478056+00	2026-05-27 21:51:44.478056+00
1140	17	1	open	miniapp	\N	2026-05-27 21:53:13.97385+00	2026-05-27 21:53:13.97385+00
1141	17	1	open	miniapp	\N	2026-05-27 21:59:53.157668+00	2026-05-27 21:59:53.157668+00
1142	18	1	open	miniapp	\N	2026-05-27 22:00:38.287105+00	2026-05-27 22:00:38.287105+00
1143	17	1	open	miniapp	\N	2026-05-27 22:01:12.184041+00	2026-05-27 22:01:12.184041+00
1144	17	1	open	miniapp	\N	2026-05-27 22:02:27.377995+00	2026-05-27 22:02:27.377995+00
1145	17	1	open	miniapp	\N	2026-05-27 22:05:49.27424+00	2026-05-27 22:05:49.27424+00
1146	17	1	open	miniapp	\N	2026-05-27 22:07:11.231365+00	2026-05-27 22:07:11.231365+00
1147	17	1	open	miniapp	\N	2026-05-27 22:10:58.634256+00	2026-05-27 22:10:58.634256+00
1148	15	1	open	miniapp	\N	2026-05-27 22:11:02.31025+00	2026-05-27 22:11:02.31025+00
1149	15	1	open	miniapp	\N	2026-05-27 22:11:52.823921+00	2026-05-27 22:11:52.823921+00
1150	17	1	open	miniapp	\N	2026-05-27 22:13:05.883492+00	2026-05-27 22:13:05.883492+00
1151	15	1	open	miniapp	\N	2026-05-27 22:13:08.934162+00	2026-05-27 22:13:08.934162+00
1152	17	1	open	miniapp	\N	2026-05-27 22:13:24.105401+00	2026-05-27 22:13:24.105401+00
1153	15	1	open	miniapp	\N	2026-05-27 22:13:27.156385+00	2026-05-27 22:13:27.156385+00
1154	15	1	favorite_add	miniapp	\N	2026-05-27 22:13:29.813744+00	2026-05-27 22:13:29.813744+00
1155	15	1	favorite_remove	miniapp	\N	2026-05-27 22:13:30.793567+00	2026-05-27 22:13:30.793567+00
1156	15	1	open	miniapp	\N	2026-05-27 22:13:35.332019+00	2026-05-27 22:13:35.332019+00
1157	15	1	open	miniapp	\N	2026-05-27 22:13:54.89459+00	2026-05-27 22:13:54.89459+00
1158	15	1	favorite_add	miniapp	\N	2026-05-27 22:13:56.705395+00	2026-05-27 22:13:56.705395+00
1159	15	1	favorite_remove	miniapp	\N	2026-05-27 22:13:57.475576+00	2026-05-27 22:13:57.475576+00
1160	17	1	open	miniapp	\N	2026-05-27 22:14:21.127456+00	2026-05-27 22:14:21.127456+00
1161	15	1	open	miniapp	\N	2026-05-27 22:14:23.634488+00	2026-05-27 22:14:23.634488+00
1162	15	1	favorite_add	miniapp	\N	2026-05-27 22:14:25.079238+00	2026-05-27 22:14:25.079238+00
1163	15	1	favorite_remove	miniapp	\N	2026-05-27 22:14:26.344538+00	2026-05-27 22:14:26.344538+00
1164	15	1	favorite_add	miniapp	\N	2026-05-27 22:14:27.326472+00	2026-05-27 22:14:27.326472+00
1165	15	1	favorite_remove	miniapp	\N	2026-05-27 22:14:28.219491+00	2026-05-27 22:14:28.219491+00
1166	17	1	open	miniapp	\N	2026-05-27 22:14:50.970103+00	2026-05-27 22:14:50.970103+00
1167	15	1	open	miniapp	\N	2026-05-27 22:14:53.474581+00	2026-05-27 22:14:53.474581+00
1168	17	1	open	miniapp	\N	2026-05-27 22:15:32.889648+00	2026-05-27 22:15:32.889648+00
1169	17	1	open	miniapp	\N	2026-05-27 22:19:54.272565+00	2026-05-27 22:19:54.272565+00
1170	17	1	open	miniapp	\N	2026-05-27 22:20:47.812874+00	2026-05-27 22:20:47.812874+00
1171	17	1	open	miniapp	\N	2026-05-27 22:27:21.590646+00	2026-05-27 22:27:21.590646+00
1172	17	1	open	miniapp	\N	2026-05-27 22:31:03.517593+00	2026-05-27 22:31:03.517593+00
1173	17	1	favorite_remove	miniapp	\N	2026-05-27 22:31:55.437041+00	2026-05-27 22:31:55.437041+00
1174	17	1	favorite_add	miniapp	\N	2026-05-27 22:31:56.011179+00	2026-05-27 22:31:56.011179+00
1175	17	1	favorite_remove	miniapp	\N	2026-05-27 22:31:56.763295+00	2026-05-27 22:31:56.763295+00
1176	17	1	favorite_add	miniapp	\N	2026-05-27 22:31:57.362524+00	2026-05-27 22:31:57.362524+00
1177	17	1	favorite_remove	miniapp	\N	2026-05-27 22:31:58.107262+00	2026-05-27 22:31:58.107262+00
1178	17	1	favorite_add	miniapp	\N	2026-05-27 22:31:58.662296+00	2026-05-27 22:31:58.662296+00
1179	17	1	favorite_remove	miniapp	\N	2026-05-27 22:31:59.345109+00	2026-05-27 22:31:59.345109+00
1180	17	1	open	miniapp	\N	2026-05-27 22:33:35.042683+00	2026-05-27 22:33:35.042683+00
1181	17	1	favorite_add	miniapp	\N	2026-05-27 22:33:41.317582+00	2026-05-27 22:33:41.317582+00
1182	17	1	favorite_remove	miniapp	\N	2026-05-27 22:33:42.215217+00	2026-05-27 22:33:42.215217+00
1183	17	1	open	miniapp	\N	2026-05-27 22:33:57.839652+00	2026-05-27 22:33:57.839652+00
1184	17	1	favorite_add	miniapp	\N	2026-05-27 22:33:59.151333+00	2026-05-27 22:33:59.151333+00
1185	17	1	favorite_remove	miniapp	\N	2026-05-27 22:34:00.044723+00	2026-05-27 22:34:00.044723+00
1186	17	1	open	miniapp	\N	2026-05-27 22:35:39.574131+00	2026-05-27 22:35:39.574131+00
1187	17	1	favorite_add	miniapp	\N	2026-05-27 22:35:43.282627+00	2026-05-27 22:35:43.282627+00
1188	17	1	favorite_remove	miniapp	\N	2026-05-27 22:35:44.203773+00	2026-05-27 22:35:44.203773+00
1189	17	1	open	miniapp	\N	2026-05-27 22:39:04.746521+00	2026-05-27 22:39:04.746521+00
1190	17	1	favorite_add	miniapp	\N	2026-05-27 22:39:28.450772+00	2026-05-27 22:39:28.450772+00
1191	17	1	favorite_remove	miniapp	\N	2026-05-27 22:39:29.359126+00	2026-05-27 22:39:29.359126+00
1192	17	1	favorite_add	miniapp	\N	2026-05-27 22:39:30.277556+00	2026-05-27 22:39:30.277556+00
1193	17	1	favorite_remove	miniapp	\N	2026-05-27 22:39:31.363215+00	2026-05-27 22:39:31.363215+00
1194	17	1	favorite_add	miniapp	\N	2026-05-27 22:39:32.011121+00	2026-05-27 22:39:32.011121+00
1195	17	1	favorite_remove	miniapp	\N	2026-05-27 22:39:32.910363+00	2026-05-27 22:39:32.910363+00
1196	17	1	favorite_add	miniapp	\N	2026-05-27 22:39:33.875875+00	2026-05-27 22:39:33.875875+00
1197	17	1	favorite_remove	miniapp	\N	2026-05-27 22:39:34.776569+00	2026-05-27 22:39:34.776569+00
1198	17	1	favorite_add	miniapp	\N	2026-05-27 22:39:35.242489+00	2026-05-27 22:39:35.242489+00
1199	17	1	favorite_remove	miniapp	\N	2026-05-27 22:39:36.209766+00	2026-05-27 22:39:36.209766+00
1200	17	1	open	miniapp	\N	2026-05-27 22:40:35.525045+00	2026-05-27 22:40:35.525045+00
1201	17	1	open	miniapp	\N	2026-05-27 22:40:38.439985+00	2026-05-27 22:40:38.439985+00
1202	17	1	open	miniapp	\N	2026-05-27 22:40:40.960608+00	2026-05-27 22:40:40.960608+00
1203	17	1	open	miniapp	\N	2026-05-27 22:42:21.340831+00	2026-05-27 22:42:21.340831+00
1204	17	1	favorite_add	miniapp	\N	2026-05-27 22:42:25.368772+00	2026-05-27 22:42:25.368772+00
1205	17	1	favorite_remove	miniapp	\N	2026-05-27 22:42:26.075558+00	2026-05-27 22:42:26.075558+00
1206	17	1	open	miniapp	\N	2026-05-27 22:42:37.884493+00	2026-05-27 22:42:37.884493+00
1207	17	1	favorite_add	miniapp	\N	2026-05-27 22:42:45.278305+00	2026-05-27 22:42:45.278305+00
1208	17	1	favorite_remove	miniapp	\N	2026-05-27 22:42:46.104891+00	2026-05-27 22:42:46.104891+00
1209	17	1	favorite_add	miniapp	\N	2026-05-27 22:42:46.555537+00	2026-05-27 22:42:46.555537+00
1210	17	1	favorite_remove	miniapp	\N	2026-05-27 22:42:47.295558+00	2026-05-27 22:42:47.295558+00
1211	17	1	favorite_add	miniapp	\N	2026-05-27 22:42:50.56662+00	2026-05-27 22:42:50.56662+00
1212	17	1	open	miniapp	\N	2026-05-27 22:43:33.475573+00	2026-05-27 22:43:33.475573+00
1213	17	1	favorite_remove	miniapp	\N	2026-05-27 22:43:43.829468+00	2026-05-27 22:43:43.829468+00
1214	17	1	favorite_add	miniapp	\N	2026-05-27 22:43:44.435884+00	2026-05-27 22:43:44.435884+00
1215	17	1	favorite_remove	miniapp	\N	2026-05-27 22:43:45.157498+00	2026-05-27 22:43:45.157498+00
1216	17	1	favorite_add	miniapp	\N	2026-05-27 22:43:45.769418+00	2026-05-27 22:43:45.769418+00
1217	17	1	favorite_remove	miniapp	\N	2026-05-27 22:43:46.557745+00	2026-05-27 22:43:46.557745+00
1218	17	1	favorite_add	miniapp	\N	2026-05-27 22:43:51.300507+00	2026-05-27 22:43:51.300507+00
1219	17	1	favorite_remove	miniapp	\N	2026-05-27 22:43:52.253944+00	2026-05-27 22:43:52.253944+00
1220	17	1	favorite_add	miniapp	\N	2026-05-27 22:43:57.617186+00	2026-05-27 22:43:57.617186+00
1221	17	1	favorite_remove	miniapp	\N	2026-05-27 22:43:58.467745+00	2026-05-27 22:43:58.467745+00
1222	17	1	favorite_add	miniapp	\N	2026-05-27 22:43:58.923557+00	2026-05-27 22:43:58.923557+00
1223	17	1	favorite_remove	miniapp	\N	2026-05-27 22:44:00.091887+00	2026-05-27 22:44:00.091887+00
1224	17	1	favorite_add	miniapp	\N	2026-05-27 22:44:00.753381+00	2026-05-27 22:44:00.753381+00
1225	17	1	favorite_remove	miniapp	\N	2026-05-27 22:44:01.476355+00	2026-05-27 22:44:01.476355+00
1226	17	1	favorite_add	miniapp	\N	2026-05-27 22:44:05.018789+00	2026-05-27 22:44:05.018789+00
1227	17	1	favorite_remove	miniapp	\N	2026-05-27 22:44:05.495405+00	2026-05-27 22:44:05.495405+00
1228	17	1	favorite_add	miniapp	\N	2026-05-27 22:44:09.316673+00	2026-05-27 22:44:09.316673+00
1229	17	1	favorite_remove	miniapp	\N	2026-05-27 22:44:10.034628+00	2026-05-27 22:44:10.034628+00
1230	17	1	favorite_add	miniapp	\N	2026-05-27 22:44:11.164287+00	2026-05-27 22:44:11.164287+00
1231	17	1	favorite_remove	miniapp	\N	2026-05-27 22:44:11.860144+00	2026-05-27 22:44:11.860144+00
1232	17	1	favorite_add	miniapp	\N	2026-05-27 22:44:12.534951+00	2026-05-27 22:44:12.534951+00
1233	17	1	favorite_remove	miniapp	\N	2026-05-27 22:44:13.314988+00	2026-05-27 22:44:13.314988+00
1234	17	1	favorite_add	miniapp	\N	2026-05-27 22:44:13.838278+00	2026-05-27 22:44:13.838278+00
1235	17	1	favorite_remove	miniapp	\N	2026-05-27 22:44:14.517585+00	2026-05-27 22:44:14.517585+00
1299	17	1	open	miniapp	\N	2026-05-28 11:28:14.545584+00	2026-05-28 11:28:14.545584+00
1300	17	1	open	miniapp	\N	2026-05-28 11:28:19.098183+00	2026-05-28 11:28:19.098183+00
1301	17	1	open	miniapp	\N	2026-05-28 11:29:43.183879+00	2026-05-28 11:29:43.183879+00
1302	17	1	open	miniapp	\N	2026-05-28 11:29:46.501998+00	2026-05-28 11:29:46.501998+00
1303	17	1	open	miniapp	\N	2026-05-28 11:30:45.589541+00	2026-05-28 11:30:45.589541+00
1304	18	1	open	miniapp	\N	2026-05-28 11:30:47.728045+00	2026-05-28 11:30:47.728045+00
1305	17	1	open	miniapp	\N	2026-05-28 11:38:26.907324+00	2026-05-28 11:38:26.907324+00
1306	17	1	open	miniapp	\N	2026-05-28 11:38:31.923884+00	2026-05-28 11:38:31.923884+00
1307	18	1	open	miniapp	\N	2026-05-28 11:41:40.604952+00	2026-05-28 11:41:40.604952+00
1308	17	1	open	miniapp	\N	2026-05-28 11:44:06.600909+00	2026-05-28 11:44:06.600909+00
1309	17	1	open	miniapp	\N	2026-05-28 11:44:30.777507+00	2026-05-28 11:44:30.777507+00
1310	17	1	open	miniapp	\N	2026-05-28 11:46:02.057316+00	2026-05-28 11:46:02.057316+00
1311	17	1	open	miniapp	\N	2026-05-28 11:50:23.911005+00	2026-05-28 11:50:23.911005+00
1312	17	1	open	miniapp	\N	2026-05-28 11:53:55.114296+00	2026-05-28 11:53:55.114296+00
1313	17	1	open	miniapp	\N	2026-05-28 11:54:09.900842+00	2026-05-28 11:54:09.900842+00
1314	18	1	open	miniapp	\N	2026-05-28 11:57:10.194949+00	2026-05-28 11:57:10.194949+00
1325	17	1	open	miniapp	\N	2026-05-28 12:54:01.965474+00	2026-05-28 12:54:01.965474+00
1331	17	1	open	miniapp	\N	2026-05-28 13:30:07.533677+00	2026-05-28 13:30:07.533677+00
1332	17	1	open	miniapp	\N	2026-05-28 14:07:42.363927+00	2026-05-28 14:07:42.363927+00
1333	18	1	open	miniapp	\N	2026-05-28 14:08:44.211923+00	2026-05-28 14:08:44.211923+00
1334	18	1	open	miniapp	\N	2026-05-28 14:08:49.15117+00	2026-05-28 14:08:49.15117+00
1335	17	1	open	miniapp	\N	2026-05-28 14:10:17.898944+00	2026-05-28 14:10:17.898944+00
1336	17	1	open	miniapp	\N	2026-05-28 14:13:56.851997+00	2026-05-28 14:13:56.851997+00
1337	17	1	open	miniapp	\N	2026-05-28 14:16:30.738793+00	2026-05-28 14:16:30.738793+00
1338	17	1	open	miniapp	\N	2026-05-28 14:19:45.993243+00	2026-05-28 14:19:45.993243+00
1339	17	1	open	miniapp	\N	2026-05-28 14:21:30.131891+00	2026-05-28 14:21:30.131891+00
1340	17	1	open	miniapp	\N	2026-05-28 14:22:11.995647+00	2026-05-28 14:22:11.995647+00
1341	17	1	open	miniapp	\N	2026-05-28 14:22:41.734486+00	2026-05-28 14:22:41.734486+00
1342	17	1	open	miniapp	\N	2026-05-28 14:28:16.98991+00	2026-05-28 14:28:16.98991+00
1343	18	1	open	miniapp	\N	2026-05-28 14:28:34.170915+00	2026-05-28 14:28:34.170915+00
1344	18	1	open	miniapp	\N	2026-05-28 14:28:43.030481+00	2026-05-28 14:28:43.030481+00
1345	17	1	open	miniapp	\N	2026-05-28 14:29:22.545998+00	2026-05-28 14:29:22.545998+00
1346	17	1	open	miniapp	\N	2026-05-28 14:33:19.428423+00	2026-05-28 14:33:19.428423+00
1347	17	1	open	miniapp	\N	2026-05-28 14:34:37.714646+00	2026-05-28 14:34:37.714646+00
1348	17	1	open	miniapp	\N	2026-05-28 14:35:32.547644+00	2026-05-28 14:35:32.547644+00
1349	17	1	open	miniapp	\N	2026-05-28 14:36:54.402069+00	2026-05-28 14:36:54.402069+00
1350	17	1	open	miniapp	\N	2026-05-28 14:38:43.093172+00	2026-05-28 14:38:43.093172+00
1351	15	1	open	miniapp	\N	2026-05-28 14:53:29.286093+00	2026-05-28 14:53:29.286093+00
1352	17	1	open	miniapp	\N	2026-05-28 14:53:34.05657+00	2026-05-28 14:53:34.05657+00
1353	17	1	open	miniapp	\N	2026-05-28 14:54:21.484902+00	2026-05-28 14:54:21.484902+00
1354	17	1	open	miniapp	\N	2026-05-28 14:54:54.451686+00	2026-05-28 14:54:54.451686+00
1355	17	1	open	miniapp	\N	2026-05-28 14:56:25.691939+00	2026-05-28 14:56:25.691939+00
1356	15	1	open	miniapp	\N	2026-05-28 14:57:47.976952+00	2026-05-28 14:57:47.976952+00
1357	15	1	open	miniapp	\N	2026-05-28 14:57:49.893236+00	2026-05-28 14:57:49.893236+00
1358	17	1	open	miniapp	\N	2026-05-28 14:57:56.224945+00	2026-05-28 14:57:56.224945+00
1359	17	1	open	miniapp	\N	2026-05-28 14:59:04.881807+00	2026-05-28 14:59:04.881807+00
1360	18	1	open	miniapp	\N	2026-05-28 14:59:07.217419+00	2026-05-28 14:59:07.217419+00
1361	17	1	open	miniapp	\N	2026-05-28 14:59:10.77026+00	2026-05-28 14:59:10.77026+00
1362	17	1	open	miniapp	\N	2026-05-28 14:59:14.992335+00	2026-05-28 14:59:14.992335+00
1363	17	1	open	miniapp	\N	2026-05-28 14:59:33.274565+00	2026-05-28 14:59:33.274565+00
1364	17	1	favorite_add	miniapp	\N	2026-05-28 14:59:39.567011+00	2026-05-28 14:59:39.567011+00
1365	17	1	favorite_remove	miniapp	\N	2026-05-28 14:59:40.28315+00	2026-05-28 14:59:40.28315+00
1366	17	1	favorite_add	miniapp	\N	2026-05-28 14:59:40.75335+00	2026-05-28 14:59:40.75335+00
1367	17	1	favorite_remove	miniapp	\N	2026-05-28 14:59:41.434652+00	2026-05-28 14:59:41.434652+00
1429	17	1	open	miniapp	\N	2026-05-28 19:26:47.268049+00	2026-05-28 19:26:47.268049+00
1430	17	1	open	miniapp	\N	2026-05-28 19:28:36.503777+00	2026-05-28 19:28:36.503777+00
1431	17	1	open	miniapp	\N	2026-05-28 19:29:06.031032+00	2026-05-28 19:29:06.031032+00
1432	17	1	open	miniapp	\N	2026-05-28 19:29:29.815868+00	2026-05-28 19:29:29.815868+00
1433	17	1	open	miniapp	\N	2026-05-28 19:29:32.818509+00	2026-05-28 19:29:32.818509+00
1434	17	1	open	miniapp	\N	2026-05-28 19:30:28.726374+00	2026-05-28 19:30:28.726374+00
1435	17	1	open	miniapp	\N	2026-05-28 19:33:05.659272+00	2026-05-28 19:33:05.659272+00
1436	17	\N	open	miniapp	\N	2026-05-28 19:33:13.489289+00	2026-05-28 19:33:13.489289+00
1437	17	\N	open	miniapp	\N	2026-05-28 19:33:22.181077+00	2026-05-28 19:33:22.181077+00
1438	17	1	open	miniapp	\N	2026-05-28 19:39:03.735198+00	2026-05-28 19:39:03.735198+00
1440	17	1	open	miniapp	\N	2026-05-28 19:43:13.267258+00	2026-05-28 19:43:13.267258+00
1441	17	1	open	miniapp	\N	2026-05-28 19:43:18.272098+00	2026-05-28 19:43:18.272098+00
1442	17	1	open	miniapp	\N	2026-05-28 19:43:35.531165+00	2026-05-28 19:43:35.531165+00
1443	17	1	open	miniapp	\N	2026-05-28 19:43:42.640349+00	2026-05-28 19:43:42.640349+00
1512	17	1	open	miniapp	\N	2026-05-28 20:44:52.383342+00	2026-05-28 20:44:52.383342+00
1513	17	1	open	miniapp	\N	2026-05-28 20:45:06.739733+00	2026-05-28 20:45:06.739733+00
1514	18	1	open	miniapp	\N	2026-05-28 20:47:31.950411+00	2026-05-28 20:47:31.950411+00
1515	18	1	open	miniapp	\N	2026-05-28 20:47:37.610327+00	2026-05-28 20:47:37.610327+00
1516	17	1	open	miniapp	\N	2026-05-28 20:48:47.82912+00	2026-05-28 20:48:47.82912+00
1517	18	1	open	miniapp	\N	2026-05-28 20:48:56.805729+00	2026-05-28 20:48:56.805729+00
1518	17	1	open	miniapp	\N	2026-05-28 20:49:03.68867+00	2026-05-28 20:49:03.68867+00
1519	18	1	open	miniapp	\N	2026-05-28 20:49:07.34197+00	2026-05-28 20:49:07.34197+00
1520	17	1	open	miniapp	\N	2026-05-28 20:49:21.56442+00	2026-05-28 20:49:21.56442+00
1521	18	1	open	miniapp	\N	2026-05-28 20:49:26.742448+00	2026-05-28 20:49:26.742448+00
1522	18	1	open	miniapp	\N	2026-05-28 20:49:34.541038+00	2026-05-28 20:49:34.541038+00
1613	17	1	open	miniapp	\N	2026-05-29 04:38:58.587352+00	2026-05-29 04:38:58.587352+00
1615	18	1	open	miniapp	\N	2026-05-29 04:39:13.166271+00	2026-05-29 04:39:13.166271+00
1614	17	1	open	miniapp	\N	2026-05-29 04:39:08.865628+00	2026-05-29 04:39:08.865628+00
1616	17	1	open	miniapp	\N	2026-05-29 04:51:07.571287+00	2026-05-29 04:51:07.571287+00
1617	18	1	open	miniapp	\N	2026-05-29 04:51:28.623338+00	2026-05-29 04:51:28.623338+00
1618	18	1	open	miniapp	\N	2026-05-29 04:53:28.988344+00	2026-05-29 04:53:28.988344+00
1619	18	1	open	miniapp	\N	2026-05-29 04:53:51.404701+00	2026-05-29 04:53:51.404701+00
1620	17	1	open	miniapp	\N	2026-05-29 04:54:35.745461+00	2026-05-29 04:54:35.745461+00
1621	18	\N	open	miniapp	\N	2026-05-29 04:54:49.901398+00	2026-05-29 04:54:49.901398+00
1622	18	\N	open	miniapp	\N	2026-05-29 04:55:59.46277+00	2026-05-29 04:55:59.46277+00
1623	17	\N	open	miniapp	\N	2026-05-29 04:58:04.59503+00	2026-05-29 04:58:04.59503+00
1624	18	\N	open	miniapp	\N	2026-05-29 04:58:13.151123+00	2026-05-29 04:58:13.151123+00
1625	17	\N	open	miniapp	\N	2026-05-29 05:00:42.270028+00	2026-05-29 05:00:42.270028+00
1626	18	\N	open	miniapp	\N	2026-05-29 05:00:49.654489+00	2026-05-29 05:00:49.654489+00
1627	18	1	open	miniapp	\N	2026-05-29 05:00:55.873628+00	2026-05-29 05:00:55.873628+00
1628	18	1	open	miniapp	\N	2026-05-29 05:01:03.586374+00	2026-05-29 05:01:03.586374+00
1629	17	1	open	miniapp	\N	2026-05-29 05:01:09.912842+00	2026-05-29 05:01:09.912842+00
1630	18	1	open	miniapp	\N	2026-05-29 05:01:14.884004+00	2026-05-29 05:01:14.884004+00
1631	18	1	open	miniapp	\N	2026-05-29 05:01:38.544678+00	2026-05-29 05:01:38.544678+00
1632	18	1	open	miniapp	\N	2026-05-29 05:02:05.092237+00	2026-05-29 05:02:05.092237+00
1633	17	1	open	miniapp	\N	2026-05-29 05:02:08.065771+00	2026-05-29 05:02:08.065771+00
1634	17	\N	open	miniapp	\N	2026-05-29 05:02:15.390612+00	2026-05-29 05:02:15.390612+00
1635	18	\N	open	miniapp	\N	2026-05-29 05:02:20.054392+00	2026-05-29 05:02:20.054392+00
1636	17	\N	open	miniapp	\N	2026-05-29 05:02:23.689397+00	2026-05-29 05:02:23.689397+00
1637	17	1	open	miniapp	\N	2026-05-29 05:02:30.74693+00	2026-05-29 05:02:30.74693+00
1638	18	\N	open	miniapp	\N	2026-05-29 05:03:32.414727+00	2026-05-29 05:03:32.414727+00
1639	18	\N	open	miniapp	\N	2026-05-29 05:04:05.853321+00	2026-05-29 05:04:05.853321+00
1640	17	\N	open	miniapp	\N	2026-05-29 05:04:31.450869+00	2026-05-29 05:04:31.450869+00
1641	17	1	open	miniapp	\N	2026-05-29 05:04:38.845377+00	2026-05-29 05:04:38.845377+00
1642	18	\N	open	miniapp	\N	2026-05-29 05:05:36.905939+00	2026-05-29 05:05:36.905939+00
1643	17	\N	open	miniapp	\N	2026-05-29 05:09:37.072234+00	2026-05-29 05:09:37.072234+00
1644	17	1	open	miniapp	\N	2026-05-29 05:10:23.016633+00	2026-05-29 05:10:23.016633+00
1645	17	\N	open	miniapp	\N	2026-05-29 05:10:30.512505+00	2026-05-29 05:10:30.512505+00
1646	17	1	open	miniapp	\N	2026-05-29 05:10:37.367058+00	2026-05-29 05:10:37.367058+00
1647	18	\N	open	miniapp	\N	2026-05-29 05:11:26.637109+00	2026-05-29 05:11:26.637109+00
1648	18	1	open	miniapp	\N	2026-05-29 05:11:34.608733+00	2026-05-29 05:11:34.608733+00
1649	17	1	open	miniapp	\N	2026-05-29 05:13:49.316729+00	2026-05-29 05:13:49.316729+00
1650	18	\N	open	miniapp	\N	2026-05-29 05:14:00.08377+00	2026-05-29 05:14:00.08377+00
1651	17	\N	open	miniapp	\N	2026-05-29 05:14:21.699225+00	2026-05-29 05:14:21.699225+00
1652	17	1	open	miniapp	\N	2026-05-29 05:14:29.625086+00	2026-05-29 05:14:29.625086+00
1653	18	1	open	miniapp	\N	2026-05-29 05:14:35.386324+00	2026-05-29 05:14:35.386324+00
1654	17	1	open	miniapp	\N	2026-05-29 05:16:03.8304+00	2026-05-29 05:16:03.8304+00
1655	17	1	favorite_add	miniapp	\N	2026-05-29 05:16:05.392534+00	2026-05-29 05:16:05.392534+00
1656	18	1	open	miniapp	\N	2026-05-29 05:16:10.34425+00	2026-05-29 05:16:10.34425+00
1657	18	1	open	miniapp	\N	2026-05-29 05:16:13.11691+00	2026-05-29 05:16:13.11691+00
1658	17	1	open	miniapp	\N	2026-05-29 05:17:44.229958+00	2026-05-29 05:17:44.229958+00
1659	18	1	open	miniapp	\N	2026-05-29 05:17:48.700596+00	2026-05-29 05:17:48.700596+00
1660	17	1	open	miniapp	\N	2026-05-29 05:19:53.477385+00	2026-05-29 05:19:53.477385+00
1661	17	1	open	miniapp	\N	2026-05-29 05:20:55.780965+00	2026-05-29 05:20:55.780965+00
1662	18	1	open	miniapp	\N	2026-05-29 05:20:57.681712+00	2026-05-29 05:20:57.681712+00
1663	17	1	open	miniapp	\N	2026-05-29 05:21:09.990194+00	2026-05-29 05:21:09.990194+00
1664	18	1	open	miniapp	\N	2026-05-29 05:21:23.57891+00	2026-05-29 05:21:23.57891+00
1665	17	1	open	miniapp	\N	2026-05-29 05:21:42.070302+00	2026-05-29 05:21:42.070302+00
1666	17	1	open	miniapp	\N	2026-05-29 05:22:32.924925+00	2026-05-29 05:22:32.924925+00
1667	18	1	open	miniapp	\N	2026-05-29 05:23:40.676898+00	2026-05-29 05:23:40.676898+00
1668	18	1	open	miniapp	\N	2026-05-29 05:25:25.193284+00	2026-05-29 05:25:25.193284+00
1669	17	1	open	miniapp	\N	2026-05-29 05:25:30.37882+00	2026-05-29 05:25:30.37882+00
1670	18	1	open	miniapp	\N	2026-05-29 05:27:44.955592+00	2026-05-29 05:27:44.955592+00
1671	18	1	open	miniapp	\N	2026-05-29 05:27:55.875563+00	2026-05-29 05:27:55.875563+00
1672	17	1	open	miniapp	\N	2026-05-29 05:28:40.468402+00	2026-05-29 05:28:40.468402+00
1673	18	1	open	miniapp	\N	2026-05-29 05:30:56.681721+00	2026-05-29 05:30:56.681721+00
1674	17	1	open	miniapp	\N	2026-05-29 05:33:00.431208+00	2026-05-29 05:33:00.431208+00
1675	17	1	open	miniapp	\N	2026-05-29 05:35:55.781937+00	2026-05-29 05:35:55.781937+00
1676	17	1	open	miniapp	\N	2026-05-29 05:37:02.184986+00	2026-05-29 05:37:02.184986+00
1677	17	1	open	miniapp	\N	2026-05-29 05:37:21.399408+00	2026-05-29 05:37:21.399408+00
1678	18	1	open	miniapp	\N	2026-05-29 05:37:25.374698+00	2026-05-29 05:37:25.374698+00
1679	18	\N	open	miniapp	\N	2026-05-29 05:37:38.292905+00	2026-05-29 05:37:38.292905+00
1680	17	\N	open	miniapp	\N	2026-05-29 05:37:41.29135+00	2026-05-29 05:37:41.29135+00
1681	18	\N	open	miniapp	\N	2026-05-29 05:37:46.065758+00	2026-05-29 05:37:46.065758+00
1682	18	1	open	miniapp	\N	2026-05-29 05:37:58.139545+00	2026-05-29 05:37:58.139545+00
1683	18	1	open	miniapp	\N	2026-05-29 05:38:01.411744+00	2026-05-29 05:38:01.411744+00
1684	17	1	open	miniapp	\N	2026-05-29 05:39:46.534616+00	2026-05-29 05:39:46.534616+00
1685	18	1	open	miniapp	\N	2026-05-29 05:44:07.913922+00	2026-05-29 05:44:07.913922+00
1686	18	1	open	miniapp	\N	2026-05-29 05:45:08.761676+00	2026-05-29 05:45:08.761676+00
1687	17	1	open	miniapp	\N	2026-05-29 06:21:50.369715+00	2026-05-29 06:21:50.369715+00
1688	15	1	open	miniapp	\N	2026-05-29 06:22:15.531117+00	2026-05-29 06:22:15.531117+00
1689	15	1	open	miniapp	\N	2026-05-29 06:22:25.146227+00	2026-05-29 06:22:25.146227+00
1690	15	1	open	miniapp	\N	2026-05-29 06:22:43.239153+00	2026-05-29 06:22:43.239153+00
1691	17	1	open	miniapp	\N	2026-05-29 06:23:48.938192+00	2026-05-29 06:23:48.938192+00
1692	18	1	open	miniapp	\N	2026-05-29 06:24:01.034303+00	2026-05-29 06:24:01.034303+00
1693	18	1	open	miniapp	\N	2026-05-29 06:24:26.273594+00	2026-05-29 06:24:26.273594+00
1694	18	1	open	miniapp	\N	2026-05-29 06:24:59.933218+00	2026-05-29 06:24:59.933218+00
1695	18	\N	open	miniapp	\N	2026-05-29 06:26:28.979484+00	2026-05-29 06:26:28.979484+00
1696	18	1	open	miniapp	\N	2026-05-29 06:26:48.086658+00	2026-05-29 06:26:48.086658+00
1697	17	1	open	miniapp	\N	2026-05-29 06:27:20.398757+00	2026-05-29 06:27:20.398757+00
1698	17	1	open	miniapp	\N	2026-05-29 06:27:24.902556+00	2026-05-29 06:27:24.902556+00
1699	17	1	open	miniapp	\N	2026-05-29 06:27:56.079657+00	2026-05-29 06:27:56.079657+00
1700	17	1	open	miniapp	\N	2026-05-29 06:28:08.096977+00	2026-05-29 06:28:08.096977+00
1701	17	1	open	miniapp	\N	2026-05-29 06:28:51.474559+00	2026-05-29 06:28:51.474559+00
1702	17	1	open	miniapp	\N	2026-05-29 06:31:10.865847+00	2026-05-29 06:31:10.865847+00
1703	17	1	open	miniapp	\N	2026-05-29 06:32:39.85059+00	2026-05-29 06:32:39.85059+00
1704	17	\N	open	miniapp	\N	2026-05-29 06:33:12.227495+00	2026-05-29 06:33:12.227495+00
1705	17	\N	open	miniapp	\N	2026-05-29 06:33:12.297221+00	2026-05-29 06:33:12.297221+00
1706	17	1	open	miniapp	\N	2026-05-29 06:33:30.818155+00	2026-05-29 06:33:30.818155+00
1707	17	1	open	miniapp	\N	2026-05-29 06:33:46.26391+00	2026-05-29 06:33:46.26391+00
1708	18	1	open	miniapp	\N	2026-05-29 06:34:31.430135+00	2026-05-29 06:34:31.430135+00
1709	18	1	open	miniapp	\N	2026-05-29 06:34:31.463241+00	2026-05-29 06:34:31.463241+00
1710	17	1	open	miniapp	\N	2026-05-29 06:35:58.392365+00	2026-05-29 06:35:58.392365+00
1711	17	1	open	miniapp	\N	2026-05-29 06:41:29.590342+00	2026-05-29 06:41:29.590342+00
1712	17	1	open	miniapp	\N	2026-05-29 06:42:06.144015+00	2026-05-29 06:42:06.144015+00
1713	17	1	open	miniapp	\N	2026-05-29 06:42:06.204997+00	2026-05-29 06:42:06.204997+00
1714	17	1	open	miniapp	\N	2026-05-29 06:43:12.205677+00	2026-05-29 06:43:12.205677+00
1715	17	1	open	miniapp	\N	2026-05-29 06:43:23.066439+00	2026-05-29 06:43:23.066439+00
1716	17	1	open	miniapp	\N	2026-05-29 06:44:44.797638+00	2026-05-29 06:44:44.797638+00
1717	17	1	open	miniapp	\N	2026-05-29 06:44:49.792498+00	2026-05-29 06:44:49.792498+00
1718	17	1	open	miniapp	\N	2026-05-29 06:44:49.798516+00	2026-05-29 06:44:49.798516+00
1719	17	1	open	miniapp	\N	2026-05-29 06:45:02.483885+00	2026-05-29 06:45:02.483885+00
1720	18	1	open	miniapp	\N	2026-05-29 06:45:05.183268+00	2026-05-29 06:45:05.183268+00
1721	18	1	open	miniapp	\N	2026-05-29 06:45:05.183004+00	2026-05-29 06:45:05.183004+00
1722	18	1	register_click	miniapp	\N	2026-05-29 06:46:00.666488+00	2026-05-29 06:46:00.666488+00
1723	18	1	favorite_remove	miniapp	\N	2026-05-29 06:46:08.853743+00	2026-05-29 06:46:08.853743+00
1724	18	1	favorite_add	miniapp	\N	2026-05-29 06:46:09.367276+00	2026-05-29 06:46:09.367276+00
1725	17	1	open	miniapp	\N	2026-05-29 06:46:50.341001+00	2026-05-29 06:46:50.341001+00
1726	17	1	open	miniapp	\N	2026-05-29 06:47:23.814884+00	2026-05-29 06:47:23.814884+00
1727	17	1	open	miniapp	\N	2026-05-29 06:47:26.53286+00	2026-05-29 06:47:26.53286+00
1728	17	1	open	miniapp	\N	2026-05-29 06:47:26.531781+00	2026-05-29 06:47:26.531781+00
1729	17	1	open	miniapp	\N	2026-05-29 06:47:34.643009+00	2026-05-29 06:47:34.643009+00
1730	17	1	open	miniapp	\N	2026-05-29 06:47:49.993733+00	2026-05-29 06:47:49.993733+00
1731	17	1	open	miniapp	\N	2026-05-29 06:47:49.995229+00	2026-05-29 06:47:49.995229+00
1732	17	1	open	miniapp	\N	2026-05-29 06:49:11.39249+00	2026-05-29 06:49:11.39249+00
1733	18	1	open	miniapp	\N	2026-05-29 06:49:17.32353+00	2026-05-29 06:49:17.32353+00
1734	18	1	open	miniapp	\N	2026-05-29 06:49:17.328632+00	2026-05-29 06:49:17.328632+00
1736	18	1	open	miniapp	\N	2026-05-29 06:49:30.611362+00	2026-05-29 06:49:30.611362+00
1735	18	1	open	miniapp	\N	2026-05-29 06:49:30.61055+00	2026-05-29 06:49:30.61055+00
1737	18	1	open	miniapp	\N	2026-05-29 06:49:39.04795+00	2026-05-29 06:49:39.04795+00
1738	18	1	open	miniapp	\N	2026-05-29 06:49:39.04795+00	2026-05-29 06:49:39.04795+00
1739	17	1	open	miniapp	\N	2026-05-29 06:49:41.180326+00	2026-05-29 06:49:41.180326+00
1740	17	1	open	miniapp	\N	2026-05-29 06:49:41.180326+00	2026-05-29 06:49:41.180326+00
1741	17	1	open	miniapp	\N	2026-05-29 06:49:43.109159+00	2026-05-29 06:49:43.109159+00
1742	17	1	open	miniapp	\N	2026-05-29 06:49:43.109351+00	2026-05-29 06:49:43.109351+00
1743	17	1	open	miniapp	\N	2026-05-29 06:49:50.538802+00	2026-05-29 06:49:50.538802+00
1744	17	1	open	miniapp	\N	2026-05-29 06:49:54.503707+00	2026-05-29 06:49:54.503707+00
1745	17	1	open	miniapp	\N	2026-05-29 06:49:54.503707+00	2026-05-29 06:49:54.503707+00
1746	17	1	open	miniapp	\N	2026-05-29 06:49:56.384431+00	2026-05-29 06:49:56.384431+00
1747	17	1	open	miniapp	\N	2026-05-29 06:49:56.384451+00	2026-05-29 06:49:56.384451+00
1749	17	1	open	miniapp	\N	2026-05-29 06:50:04.188743+00	2026-05-29 06:50:04.188743+00
1748	17	1	open	miniapp	\N	2026-05-29 06:50:04.189292+00	2026-05-29 06:50:04.189292+00
1751	17	1	open	miniapp	\N	2026-05-29 06:50:19.850139+00	2026-05-29 06:50:19.850139+00
1750	17	1	open	miniapp	\N	2026-05-29 06:50:19.850139+00	2026-05-29 06:50:19.850139+00
1752	17	1	open	miniapp	\N	2026-05-29 06:50:46.796371+00	2026-05-29 06:50:46.796371+00
1753	18	1	open	miniapp	\N	2026-05-29 06:50:49.658888+00	2026-05-29 06:50:49.658888+00
1754	18	1	open	miniapp	\N	2026-05-29 06:50:49.658563+00	2026-05-29 06:50:49.658563+00
1755	17	1	open	miniapp	\N	2026-05-29 06:50:51.819725+00	2026-05-29 06:50:51.819725+00
1756	17	1	open	miniapp	\N	2026-05-29 06:50:51.819719+00	2026-05-29 06:50:51.819719+00
1757	17	1	open	miniapp	\N	2026-05-29 06:50:54.061494+00	2026-05-29 06:50:54.061494+00
1758	17	1	open	miniapp	\N	2026-05-29 06:50:54.062135+00	2026-05-29 06:50:54.062135+00
1759	17	1	open	miniapp	\N	2026-05-29 06:50:55.591206+00	2026-05-29 06:50:55.591206+00
1760	17	1	open	miniapp	\N	2026-05-29 06:50:55.598388+00	2026-05-29 06:50:55.598388+00
1761	17	1	open	miniapp	\N	2026-05-29 06:50:58.631668+00	2026-05-29 06:50:58.631668+00
1762	17	1	open	miniapp	\N	2026-05-29 06:50:58.631419+00	2026-05-29 06:50:58.631419+00
1763	17	1	open	miniapp	\N	2026-05-29 06:51:06.978558+00	2026-05-29 06:51:06.978558+00
1764	17	1	open	miniapp	\N	2026-05-29 06:51:06.982846+00	2026-05-29 06:51:06.982846+00
1765	17	1	open	miniapp	\N	2026-05-29 06:51:13.87731+00	2026-05-29 06:51:13.87731+00
1766	17	1	open	miniapp	\N	2026-05-29 06:51:13.878908+00	2026-05-29 06:51:13.878908+00
1767	17	1	open	miniapp	\N	2026-05-29 06:51:16.203798+00	2026-05-29 06:51:16.203798+00
1768	17	1	open	miniapp	\N	2026-05-29 06:51:16.203859+00	2026-05-29 06:51:16.203859+00
1769	18	1	open	miniapp	\N	2026-05-29 06:51:18.689879+00	2026-05-29 06:51:18.689879+00
1770	18	1	open	miniapp	\N	2026-05-29 06:51:18.689786+00	2026-05-29 06:51:18.689786+00
1771	17	1	open	miniapp	\N	2026-05-29 06:51:26.106149+00	2026-05-29 06:51:26.106149+00
1772	17	1	open	miniapp	\N	2026-05-29 06:52:25.576823+00	2026-05-29 06:52:25.576823+00
1773	17	1	open	miniapp	\N	2026-05-29 06:52:25.581329+00	2026-05-29 06:52:25.581329+00
1774	17	1	open	miniapp	\N	2026-05-29 06:57:18.234227+00	2026-05-29 06:57:18.234227+00
1775	17	1	open	miniapp	\N	2026-05-29 06:57:23.297134+00	2026-05-29 06:57:23.297134+00
1776	17	1	open	miniapp	\N	2026-05-29 06:57:23.339527+00	2026-05-29 06:57:23.339527+00
1777	18	1	open	miniapp	\N	2026-05-29 06:57:25.668354+00	2026-05-29 06:57:25.668354+00
1778	18	1	open	miniapp	\N	2026-05-29 06:57:25.669334+00	2026-05-29 06:57:25.669334+00
1779	17	1	open	miniapp	\N	2026-05-29 06:57:29.107588+00	2026-05-29 06:57:29.107588+00
1780	17	1	open	miniapp	\N	2026-05-29 06:57:29.107597+00	2026-05-29 06:57:29.107597+00
1781	17	1	open	miniapp	\N	2026-05-29 06:57:31.612311+00	2026-05-29 06:57:31.612311+00
1782	17	1	open	miniapp	\N	2026-05-29 06:57:31.611957+00	2026-05-29 06:57:31.611957+00
1783	18	1	open	miniapp	\N	2026-05-29 06:57:34.046295+00	2026-05-29 06:57:34.046295+00
1784	18	1	open	miniapp	\N	2026-05-29 06:57:34.046279+00	2026-05-29 06:57:34.046279+00
1785	17	1	open	miniapp	\N	2026-05-29 06:57:36.164769+00	2026-05-29 06:57:36.164769+00
1786	17	1	open	miniapp	\N	2026-05-29 06:57:36.16476+00	2026-05-29 06:57:36.16476+00
1787	17	1	open	miniapp	\N	2026-05-29 06:57:38.800444+00	2026-05-29 06:57:38.800444+00
1788	17	1	open	miniapp	\N	2026-05-29 06:57:38.800173+00	2026-05-29 06:57:38.800173+00
1789	17	1	open	miniapp	\N	2026-05-29 06:57:41.19797+00	2026-05-29 06:57:41.19797+00
1790	17	1	open	miniapp	\N	2026-05-29 06:57:41.198504+00	2026-05-29 06:57:41.198504+00
1791	17	1	open	miniapp	\N	2026-05-29 06:57:47.599131+00	2026-05-29 06:57:47.599131+00
1793	17	1	open	miniapp	\N	2026-05-29 06:57:56.791463+00	2026-05-29 06:57:56.791463+00
1795	17	1	open	miniapp	\N	2026-05-29 06:57:59.293525+00	2026-05-29 06:57:59.293525+00
1797	17	1	open	miniapp	\N	2026-05-29 06:58:01.173628+00	2026-05-29 06:58:01.173628+00
1799	18	1	open	miniapp	\N	2026-05-29 06:58:03.589983+00	2026-05-29 06:58:03.589983+00
1801	17	1	open	miniapp	\N	2026-05-29 06:58:05.447002+00	2026-05-29 06:58:05.447002+00
1803	17	1	open	miniapp	\N	2026-05-29 06:58:07.430985+00	2026-05-29 06:58:07.430985+00
1806	17	1	open	miniapp	\N	2026-05-29 06:59:39.591901+00	2026-05-29 06:59:39.591901+00
1808	17	1	open	miniapp	\N	2026-05-29 06:59:53.691887+00	2026-05-29 06:59:53.691887+00
1810	18	1	open	miniapp	\N	2026-05-29 07:00:00.281538+00	2026-05-29 07:00:00.281538+00
1814	17	1	open	miniapp	\N	2026-05-29 07:02:25.114171+00	2026-05-29 07:02:25.114171+00
1816	17	1	open	miniapp	\N	2026-05-29 07:02:32.347835+00	2026-05-29 07:02:32.347835+00
1818	17	1	open	miniapp	\N	2026-05-29 07:02:58.700881+00	2026-05-29 07:02:58.700881+00
1820	17	1	open	miniapp	\N	2026-05-29 07:03:41.019371+00	2026-05-29 07:03:41.019371+00
1822	17	1	open	miniapp	\N	2026-05-29 07:03:48.735862+00	2026-05-29 07:03:48.735862+00
1824	17	1	open	miniapp	\N	2026-05-29 07:03:50.97074+00	2026-05-29 07:03:50.97074+00
1826	17	1	open	miniapp	\N	2026-05-29 07:03:55.178349+00	2026-05-29 07:03:55.178349+00
1828	17	1	open	miniapp	\N	2026-05-29 07:04:17.638335+00	2026-05-29 07:04:17.638335+00
1830	17	1	open	miniapp	\N	2026-05-29 07:04:53.280687+00	2026-05-29 07:04:53.280687+00
1792	17	1	open	miniapp	\N	2026-05-29 06:57:56.784987+00	2026-05-29 06:57:56.784987+00
1794	17	1	open	miniapp	\N	2026-05-29 06:57:59.292213+00	2026-05-29 06:57:59.292213+00
1796	17	1	open	miniapp	\N	2026-05-29 06:58:01.173637+00	2026-05-29 06:58:01.173637+00
1798	18	1	open	miniapp	\N	2026-05-29 06:58:03.589834+00	2026-05-29 06:58:03.589834+00
1800	17	1	open	miniapp	\N	2026-05-29 06:58:05.446995+00	2026-05-29 06:58:05.446995+00
1802	17	1	open	miniapp	\N	2026-05-29 06:58:07.430641+00	2026-05-29 06:58:07.430641+00
1804	17	1	open	miniapp	\N	2026-05-29 06:59:17.759931+00	2026-05-29 06:59:17.759931+00
1805	17	1	open	miniapp	\N	2026-05-29 06:59:39.421828+00	2026-05-29 06:59:39.421828+00
1807	17	1	open	miniapp	\N	2026-05-29 06:59:53.525724+00	2026-05-29 06:59:53.525724+00
1809	18	1	open	miniapp	\N	2026-05-29 07:00:00.11352+00	2026-05-29 07:00:00.11352+00
1811	17	1	open	miniapp	\N	2026-05-29 07:00:08.967293+00	2026-05-29 07:00:08.967293+00
1812	17	1	open	miniapp	\N	2026-05-29 07:00:49.269507+00	2026-05-29 07:00:49.269507+00
1813	17	1	open	miniapp	\N	2026-05-29 07:02:24.915086+00	2026-05-29 07:02:24.915086+00
1815	17	1	open	miniapp	\N	2026-05-29 07:02:32.127981+00	2026-05-29 07:02:32.127981+00
1817	17	1	open	miniapp	\N	2026-05-29 07:02:58.488824+00	2026-05-29 07:02:58.488824+00
1819	17	1	open	miniapp	\N	2026-05-29 07:03:40.839673+00	2026-05-29 07:03:40.839673+00
1821	17	1	open	miniapp	\N	2026-05-29 07:03:48.455091+00	2026-05-29 07:03:48.455091+00
1823	17	1	open	miniapp	\N	2026-05-29 07:03:50.813656+00	2026-05-29 07:03:50.813656+00
1825	17	1	open	miniapp	\N	2026-05-29 07:03:55.00335+00	2026-05-29 07:03:55.00335+00
1827	17	1	open	miniapp	\N	2026-05-29 07:04:17.474946+00	2026-05-29 07:04:17.474946+00
1829	17	1	open	miniapp	\N	2026-05-29 07:04:53.10811+00	2026-05-29 07:04:53.10811+00
1831	17	1	open	miniapp	\N	2026-05-29 07:07:11.679402+00	2026-05-29 07:07:11.679402+00
1832	17	1	open	miniapp	\N	2026-05-29 07:07:24.521912+00	2026-05-29 07:07:24.521912+00
1833	17	1	favorite_remove	miniapp	\N	2026-05-29 07:07:29.908783+00	2026-05-29 07:07:29.908783+00
1834	17	1	favorite_add	miniapp	\N	2026-05-29 07:07:31.285115+00	2026-05-29 07:07:31.285115+00
1835	17	1	open	miniapp	\N	2026-05-29 07:07:34.060694+00	2026-05-29 07:07:34.060694+00
1836	17	1	open	miniapp	\N	2026-05-29 07:13:06.567576+00	2026-05-29 07:13:06.567576+00
1837	17	1	open	miniapp	\N	2026-05-29 07:13:46.277008+00	2026-05-29 07:13:46.277008+00
1838	17	1	open	miniapp	\N	2026-05-29 07:13:52.585327+00	2026-05-29 07:13:52.585327+00
1839	17	1	open	miniapp	\N	2026-05-29 07:14:04.100524+00	2026-05-29 07:14:04.100524+00
1840	17	1	open	miniapp	\N	2026-05-29 07:15:19.54137+00	2026-05-29 07:15:19.54137+00
1841	17	1	open	miniapp	\N	2026-05-29 07:17:07.261896+00	2026-05-29 07:17:07.261896+00
1842	17	1	open	miniapp	\N	2026-05-29 07:17:38.506187+00	2026-05-29 07:17:38.506187+00
1843	17	1	open	miniapp	\N	2026-05-29 07:20:50.750964+00	2026-05-29 07:20:50.750964+00
1844	17	1	open	miniapp	\N	2026-05-29 07:23:35.143992+00	2026-05-29 07:23:35.143992+00
1845	17	1	open	miniapp	\N	2026-05-29 07:25:51.453432+00	2026-05-29 07:25:51.453432+00
1846	17	1	open	miniapp	\N	2026-05-29 07:27:09.934678+00	2026-05-29 07:27:09.934678+00
1847	17	1	open	miniapp	\N	2026-05-29 07:27:20.460148+00	2026-05-29 07:27:20.460148+00
1848	17	1	open	miniapp	\N	2026-05-29 07:27:29.121943+00	2026-05-29 07:27:29.121943+00
1849	17	1	open	miniapp	\N	2026-05-29 07:27:57.643571+00	2026-05-29 07:27:57.643571+00
1850	17	1	open	miniapp	\N	2026-05-29 07:29:16.545546+00	2026-05-29 07:29:16.545546+00
1851	18	1	open	miniapp	\N	2026-05-29 07:29:21.557014+00	2026-05-29 07:29:21.557014+00
1852	17	1	open	miniapp	\N	2026-05-29 07:29:36.530393+00	2026-05-29 07:29:36.530393+00
1853	17	1	open	miniapp	\N	2026-05-29 07:30:51.597832+00	2026-05-29 07:30:51.597832+00
1854	17	1	open	miniapp	\N	2026-05-29 07:32:25.00651+00	2026-05-29 07:32:25.00651+00
1855	17	1	open	miniapp	\N	2026-05-29 07:32:40.724732+00	2026-05-29 07:32:40.724732+00
1856	18	1	open	miniapp	\N	2026-05-29 07:32:56.719842+00	2026-05-29 07:32:56.719842+00
1857	17	1	open	miniapp	\N	2026-05-29 07:32:58.196403+00	2026-05-29 07:32:58.196403+00
1858	17	1	favorite_remove	miniapp	\N	2026-05-29 07:32:59.813038+00	2026-05-29 07:32:59.813038+00
1859	17	1	open	miniapp	\N	2026-05-29 07:33:53.674329+00	2026-05-29 07:33:53.674329+00
1860	18	1	open	miniapp	\N	2026-05-29 07:33:57.727828+00	2026-05-29 07:33:57.727828+00
1861	17	1	open	miniapp	\N	2026-05-29 07:34:40.479748+00	2026-05-29 07:34:40.479748+00
1862	17	1	open	miniapp	\N	2026-05-29 07:35:15.679565+00	2026-05-29 07:35:15.679565+00
1863	17	1	open	miniapp	\N	2026-05-29 07:36:19.154487+00	2026-05-29 07:36:19.154487+00
1864	17	1	open	miniapp	\N	2026-05-29 07:39:24.617007+00	2026-05-29 07:39:24.617007+00
1865	17	1	open	miniapp	\N	2026-05-29 07:39:44.240483+00	2026-05-29 07:39:44.240483+00
1866	17	\N	open	miniapp	\N	2026-05-29 07:39:56.34772+00	2026-05-29 07:39:56.34772+00
1867	17	1	open	miniapp	\N	2026-05-29 07:40:08.146246+00	2026-05-29 07:40:08.146246+00
1868	17	1	open	miniapp	\N	2026-05-29 07:40:11.38595+00	2026-05-29 07:40:11.38595+00
1869	18	1	open	miniapp	\N	2026-05-29 07:40:14.190468+00	2026-05-29 07:40:14.190468+00
1870	18	1	open	miniapp	\N	2026-05-29 07:40:19.265674+00	2026-05-29 07:40:19.265674+00
1871	18	1	open	miniapp	\N	2026-05-29 07:40:33.490834+00	2026-05-29 07:40:33.490834+00
1872	18	1	favorite_remove	miniapp	\N	2026-05-29 07:40:35.851785+00	2026-05-29 07:40:35.851785+00
1873	18	1	favorite_add	miniapp	\N	2026-05-29 07:40:36.478234+00	2026-05-29 07:40:36.478234+00
1874	18	1	open	miniapp	\N	2026-05-29 07:43:04.313553+00	2026-05-29 07:43:04.313553+00
1875	17	1	open	miniapp	\N	2026-05-29 07:43:48.892436+00	2026-05-29 07:43:48.892436+00
1876	18	1	open	miniapp	\N	2026-05-29 07:44:12.445353+00	2026-05-29 07:44:12.445353+00
1877	17	1	open	miniapp	\N	2026-05-29 07:44:14.865182+00	2026-05-29 07:44:14.865182+00
1878	17	1	register_click	miniapp	\N	2026-05-29 07:44:16.244046+00	2026-05-29 07:44:16.244046+00
1879	17	1	open	miniapp	\N	2026-05-29 07:44:20.322649+00	2026-05-29 07:44:20.322649+00
1880	17	1	open	miniapp	\N	2026-05-29 07:44:23.845133+00	2026-05-29 07:44:23.845133+00
1881	17	1	open	miniapp	\N	2026-05-29 07:44:29.553695+00	2026-05-29 07:44:29.553695+00
1882	15	1	open	miniapp	\N	2026-05-29 07:44:37.747276+00	2026-05-29 07:44:37.747276+00
1883	15	1	favorite_add	miniapp	\N	2026-05-29 07:44:49.621442+00	2026-05-29 07:44:49.621442+00
1884	15	1	favorite_remove	miniapp	\N	2026-05-29 07:44:50.592305+00	2026-05-29 07:44:50.592305+00
1885	15	1	favorite_add	miniapp	\N	2026-05-29 07:44:51.274832+00	2026-05-29 07:44:51.274832+00
1886	15	1	favorite_remove	miniapp	\N	2026-05-29 07:44:52.103465+00	2026-05-29 07:44:52.103465+00
1887	15	1	open	miniapp	\N	2026-05-29 07:46:26.279451+00	2026-05-29 07:46:26.279451+00
1888	17	1	open	miniapp	\N	2026-05-29 07:46:51.791236+00	2026-05-29 07:46:51.791236+00
1889	15	1	open	miniapp	\N	2026-05-29 07:47:09.216275+00	2026-05-29 07:47:09.216275+00
1890	15	1	open	miniapp	\N	2026-05-29 07:47:16.621103+00	2026-05-29 07:47:16.621103+00
1891	15	1	favorite_add	miniapp	\N	2026-05-29 07:47:17.47714+00	2026-05-29 07:47:17.47714+00
1892	15	1	favorite_remove	miniapp	\N	2026-05-29 07:47:18.203528+00	2026-05-29 07:47:18.203528+00
1893	17	1	open	miniapp	\N	2026-05-29 07:47:24.762832+00	2026-05-29 07:47:24.762832+00
1894	17	1	open	miniapp	\N	2026-05-29 07:48:57.741267+00	2026-05-29 07:48:57.741267+00
1895	17	1	open	miniapp	\N	2026-05-29 07:49:02.499014+00	2026-05-29 07:49:02.499014+00
1896	15	1	open	miniapp	\N	2026-05-29 07:49:07.379737+00	2026-05-29 07:49:07.379737+00
1897	15	1	favorite_add	miniapp	\N	2026-05-29 07:49:08.483207+00	2026-05-29 07:49:08.483207+00
1898	15	1	favorite_remove	miniapp	\N	2026-05-29 07:49:09.257478+00	2026-05-29 07:49:09.257478+00
1899	15	1	favorite_add	miniapp	\N	2026-05-29 07:49:09.726008+00	2026-05-29 07:49:09.726008+00
1900	15	1	favorite_remove	miniapp	\N	2026-05-29 07:49:10.273732+00	2026-05-29 07:49:10.273732+00
1901	15	1	favorite_add	miniapp	\N	2026-05-29 07:49:10.760715+00	2026-05-29 07:49:10.760715+00
1902	15	1	favorite_remove	miniapp	\N	2026-05-29 07:49:11.561025+00	2026-05-29 07:49:11.561025+00
1903	15	1	open	miniapp	\N	2026-05-29 07:49:12.602331+00	2026-05-29 07:49:12.602331+00
1904	15	1	favorite_add	miniapp	\N	2026-05-29 07:49:13.374097+00	2026-05-29 07:49:13.374097+00
1906	17	1	open	miniapp	\N	2026-05-29 07:51:04.787375+00	2026-05-29 07:51:04.787375+00
1905	15	1	favorite_remove	miniapp	\N	2026-05-29 07:49:13.960019+00	2026-05-29 07:49:13.960019+00
1907	15	1	open	miniapp	\N	2026-05-29 07:51:14.977839+00	2026-05-29 07:51:14.977839+00
1908	17	1	open	miniapp	\N	2026-05-29 08:37:48.388221+00	2026-05-29 08:37:48.388221+00
1909	17	1	open	miniapp	\N	2026-05-29 08:38:02.197121+00	2026-05-29 08:38:02.197121+00
1910	17	1	open	miniapp	\N	2026-05-29 09:28:48.353915+00	2026-05-29 09:28:48.353915+00
1911	17	1	share_click	miniapp	\N	2026-05-29 09:28:53.100851+00	2026-05-29 09:28:53.100851+00
1913	17	2	open	miniapp	\N	2026-05-29 09:34:04.832798+00	2026-05-29 09:34:04.832798+00
1914	17	2	share_click	miniapp	\N	2026-05-29 09:34:14.073579+00	2026-05-29 09:34:14.073579+00
1916	17	2	open	miniapp	\N	2026-05-29 09:34:35.8461+00	2026-05-29 09:34:35.8461+00
1917	17	2	share_click	miniapp	\N	2026-05-29 09:34:50.065976+00	2026-05-29 09:34:50.065976+00
1923	17	2	open	miniapp	\N	2026-05-29 09:43:22.719185+00	2026-05-29 09:43:22.719185+00
1930	17	2	open	miniapp	\N	2026-05-29 09:44:24.317116+00	2026-05-29 09:44:24.317116+00
1931	17	2	open	miniapp	\N	2026-05-29 09:44:32.272341+00	2026-05-29 09:44:32.272341+00
396	15	\N	open	miniapp	\N	2026-05-25 17:35:10.853672+00	2026-05-25 17:35:10.853672+00
397	15	\N	favorite_add	miniapp	\N	2026-05-25 17:35:17.334767+00	2026-05-25 17:35:17.334767+00
398	15	\N	favorite_remove	miniapp	\N	2026-05-25 17:35:18.083659+00	2026-05-25 17:35:18.083659+00
399	18	\N	open	miniapp	\N	2026-05-25 17:35:24.084304+00	2026-05-25 17:35:24.084304+00
400	18	\N	favorite_add	miniapp	\N	2026-05-25 17:35:25.853947+00	2026-05-25 17:35:25.853947+00
401	18	\N	favorite_remove	miniapp	\N	2026-05-25 17:35:26.409583+00	2026-05-25 17:35:26.409583+00
402	17	\N	open	miniapp	\N	2026-05-25 17:35:28.398468+00	2026-05-25 17:35:28.398468+00
409	15	\N	open	miniapp	\N	2026-05-25 17:39:16.079866+00	2026-05-25 17:39:16.079866+00
410	15	\N	open	miniapp	\N	2026-05-25 17:39:51.22152+00	2026-05-25 17:39:51.22152+00
411	15	\N	open	miniapp	\N	2026-05-25 17:40:02.214155+00	2026-05-25 17:40:02.214155+00
412	15	\N	favorite_add	miniapp	\N	2026-05-25 17:40:03.282759+00	2026-05-25 17:40:03.282759+00
413	15	\N	open	miniapp	\N	2026-05-25 17:40:07.318457+00	2026-05-25 17:40:07.318457+00
414	15	\N	favorite_remove	miniapp	\N	2026-05-25 17:40:15.641007+00	2026-05-25 17:40:15.641007+00
415	17	\N	open	miniapp	\N	2026-05-25 17:40:19.463026+00	2026-05-25 17:40:19.463026+00
416	17	\N	share_click	miniapp	\N	2026-05-25 17:40:21.654801+00	2026-05-25 17:40:21.654801+00
1912	17	\N	open	miniapp	\N	2026-05-29 09:33:32.128152+00	2026-05-29 09:33:32.128152+00
1915	17	\N	open	miniapp	\N	2026-05-29 09:34:22.023852+00	2026-05-29 09:34:22.023852+00
1918	17	\N	open	miniapp	\N	2026-05-29 09:42:27.906844+00	2026-05-29 09:42:27.906844+00
1919	17	\N	favorite_add	miniapp	\N	2026-05-29 09:42:33.6932+00	2026-05-29 09:42:33.6932+00
1920	17	\N	favorite_remove	miniapp	\N	2026-05-29 09:42:34.069585+00	2026-05-29 09:42:34.069585+00
1921	17	\N	open	miniapp	\N	2026-05-29 09:43:03.495873+00	2026-05-29 09:43:03.495873+00
1922	18	\N	open	miniapp	\N	2026-05-29 09:43:07.369592+00	2026-05-29 09:43:07.369592+00
1924	17	\N	open	miniapp	\N	2026-05-29 09:43:41.018737+00	2026-05-29 09:43:41.018737+00
1925	17	\N	favorite_add	miniapp	\N	2026-05-29 09:43:43.267701+00	2026-05-29 09:43:43.267701+00
1926	17	\N	favorite_remove	miniapp	\N	2026-05-29 09:43:43.847875+00	2026-05-29 09:43:43.847875+00
1927	17	\N	open	miniapp	\N	2026-05-29 09:43:46.944456+00	2026-05-29 09:43:46.944456+00
1928	17	\N	open	miniapp	\N	2026-05-29 09:44:01.494863+00	2026-05-29 09:44:01.494863+00
1929	17	\N	favorite_add	miniapp	\N	2026-05-29 09:44:02.473799+00	2026-05-29 09:44:02.473799+00
1932	17	\N	open	miniapp	\N	2026-05-29 09:45:12.357155+00	2026-05-29 09:45:12.357155+00
1933	18	\N	open	miniapp	\N	2026-05-29 09:45:18.715702+00	2026-05-29 09:45:18.715702+00
1934	18	\N	open	miniapp	\N	2026-05-29 09:45:19.103211+00	2026-05-29 09:45:19.103211+00
1935	17	\N	open	miniapp	\N	2026-05-29 09:45:21.348167+00	2026-05-29 09:45:21.348167+00
1936	18	\N	open	miniapp	\N	2026-05-29 09:45:30.811847+00	2026-05-29 09:45:30.811847+00
1937	17	\N	open	miniapp	\N	2026-05-29 09:45:43.945941+00	2026-05-29 09:45:43.945941+00
1938	17	1	open	miniapp	\N	2026-05-29 09:46:41.641248+00	2026-05-29 09:46:41.641248+00
1939	18	1	open	miniapp	\N	2026-05-29 09:46:48.456622+00	2026-05-29 09:46:48.456622+00
1940	17	1	open	miniapp	\N	2026-05-29 09:46:51.406339+00	2026-05-29 09:46:51.406339+00
1941	17	1	open	miniapp	\N	2026-05-29 09:47:05.148491+00	2026-05-29 09:47:05.148491+00
1942	17	1	open	miniapp	\N	2026-05-29 09:47:08.694591+00	2026-05-29 09:47:08.694591+00
1943	17	1	favorite_remove	miniapp	\N	2026-05-29 09:47:09.638567+00	2026-05-29 09:47:09.638567+00
1944	17	1	favorite_add	miniapp	\N	2026-05-29 09:47:10.222663+00	2026-05-29 09:47:10.222663+00
1945	17	1	open	miniapp	\N	2026-05-29 09:47:19.37642+00	2026-05-29 09:47:19.37642+00
1946	17	1	open	miniapp	\N	2026-05-29 09:47:25.812862+00	2026-05-29 09:47:25.812862+00
1947	17	1	open	miniapp	\N	2026-05-29 09:47:42.013802+00	2026-05-29 09:47:42.013802+00
1948	17	1	open	miniapp	\N	2026-05-29 09:47:51.326546+00	2026-05-29 09:47:51.326546+00
1949	17	1	share_click	miniapp	\N	2026-05-29 09:47:57.029658+00	2026-05-29 09:47:57.029658+00
1950	18	\N	open	miniapp	\N	2026-05-29 16:33:47.667588+00	2026-05-29 16:33:47.667588+00
1951	18	\N	open	miniapp	\N	2026-05-29 16:33:54.3403+00	2026-05-29 16:33:54.3403+00
1952	15	\N	open	miniapp	\N	2026-05-29 16:34:16.562995+00	2026-05-29 16:34:16.562995+00
1953	17	\N	open	miniapp	\N	2026-05-29 16:34:20.853857+00	2026-05-29 16:34:20.853857+00
1954	18	\N	open	miniapp	\N	2026-05-29 16:34:27.627879+00	2026-05-29 16:34:27.627879+00
1955	17	\N	open	miniapp	\N	2026-05-29 16:35:04.407853+00	2026-05-29 16:35:04.407853+00
1956	17	1	open	miniapp	\N	2026-05-29 16:35:36.004567+00	2026-05-29 16:35:36.004567+00
1957	18	1	open	miniapp	\N	2026-05-29 16:36:04.125612+00	2026-05-29 16:36:04.125612+00
1958	18	1	open	miniapp	\N	2026-05-29 16:38:13.168826+00	2026-05-29 16:38:13.168826+00
1959	17	1	open	miniapp	\N	2026-05-29 16:39:31.682873+00	2026-05-29 16:39:31.682873+00
1960	17	1	open	miniapp	\N	2026-05-29 16:39:59.462879+00	2026-05-29 16:39:59.462879+00
1961	17	1	favorite_remove	miniapp	\N	2026-05-29 16:40:02.024109+00	2026-05-29 16:40:02.024109+00
1962	17	1	favorite_add	miniapp	\N	2026-05-29 16:40:02.894912+00	2026-05-29 16:40:02.894912+00
1963	17	1	favorite_remove	miniapp	\N	2026-05-29 16:40:03.629861+00	2026-05-29 16:40:03.629861+00
1964	17	1	favorite_add	miniapp	\N	2026-05-29 16:40:30.960281+00	2026-05-29 16:40:30.960281+00
1965	18	1	open	miniapp	\N	2026-05-29 16:43:15.179906+00	2026-05-29 16:43:15.179906+00
1967	15	1	open	miniapp	\N	2026-05-29 17:00:58.078958+00	2026-05-29 17:00:58.078958+00
1968	17	1	open	miniapp	\N	2026-05-29 17:01:14.90087+00	2026-05-29 17:01:14.90087+00
1970	17	1	favorite_add	miniapp	\N	2026-05-29 17:01:18.553175+00	2026-05-29 17:01:18.553175+00
1972	17	1	open	miniapp	\N	2026-05-29 17:01:33.175486+00	2026-05-29 17:01:33.175486+00
1973	15	1	open	miniapp	\N	2026-05-29 17:01:40.45825+00	2026-05-29 17:01:40.45825+00
1975	15	1	favorite_remove	miniapp	\N	2026-05-29 17:01:44.71294+00	2026-05-29 17:01:44.71294+00
1966	17	1	open	miniapp	\N	2026-05-29 17:00:56.170072+00	2026-05-29 17:00:56.170072+00
1969	17	1	favorite_remove	miniapp	\N	2026-05-29 17:01:17.822089+00	2026-05-29 17:01:17.822089+00
1971	17	1	favorite_remove	miniapp	\N	2026-05-29 17:01:19.270706+00	2026-05-29 17:01:19.270706+00
1974	15	1	favorite_add	miniapp	\N	2026-05-29 17:01:43.998662+00	2026-05-29 17:01:43.998662+00
1976	15	1	favorite_add	miniapp	\N	2026-05-29 17:01:46.94876+00	2026-05-29 17:01:46.94876+00
1977	17	1	open	miniapp	\N	2026-05-29 17:02:43.384391+00	2026-05-29 17:02:43.384391+00
1978	17	1	favorite_add	miniapp	\N	2026-05-29 17:02:45.738187+00	2026-05-29 17:02:45.738187+00
1979	17	1	favorite_remove	miniapp	\N	2026-05-29 17:02:46.476101+00	2026-05-29 17:02:46.476101+00
1980	17	1	open	miniapp	\N	2026-05-29 17:02:50.771997+00	2026-05-29 17:02:50.771997+00
1981	17	1	open	miniapp	\N	2026-05-29 17:03:14.392895+00	2026-05-29 17:03:14.392895+00
1982	17	1	favorite_add	miniapp	\N	2026-05-29 17:03:16.53917+00	2026-05-29 17:03:16.53917+00
1983	17	1	favorite_remove	miniapp	\N	2026-05-29 17:03:17.346333+00	2026-05-29 17:03:17.346333+00
1984	17	1	favorite_add	miniapp	\N	2026-05-29 17:03:19.112556+00	2026-05-29 17:03:19.112556+00
1985	17	1	open	miniapp	\N	2026-05-29 17:03:21.896775+00	2026-05-29 17:03:21.896775+00
1986	17	1	favorite_remove	miniapp	\N	2026-05-29 17:03:23.172695+00	2026-05-29 17:03:23.172695+00
1987	17	1	favorite_add	miniapp	\N	2026-05-29 17:03:23.674944+00	2026-05-29 17:03:23.674944+00
1988	17	1	favorite_remove	miniapp	\N	2026-05-29 17:03:24.308825+00	2026-05-29 17:03:24.308825+00
1989	17	1	open	miniapp	\N	2026-05-29 17:11:13.418089+00	2026-05-29 17:11:13.418089+00
1990	17	1	favorite_add	miniapp	\N	2026-05-29 17:11:16.03338+00	2026-05-29 17:11:16.03338+00
1991	17	1	favorite_remove	miniapp	\N	2026-05-29 17:11:16.896551+00	2026-05-29 17:11:16.896551+00
1992	17	1	favorite_add	miniapp	\N	2026-05-29 17:11:17.394517+00	2026-05-29 17:11:17.394517+00
1993	17	1	favorite_remove	miniapp	\N	2026-05-29 17:11:18.063149+00	2026-05-29 17:11:18.063149+00
1994	17	1	open	miniapp	\N	2026-05-29 17:14:41.664257+00	2026-05-29 17:14:41.664257+00
1995	17	1	favorite_add	miniapp	\N	2026-05-29 17:15:00.102025+00	2026-05-29 17:15:00.102025+00
1996	17	1	favorite_remove	miniapp	\N	2026-05-29 17:15:00.921395+00	2026-05-29 17:15:00.921395+00
1997	17	1	open	miniapp	\N	2026-05-29 17:15:11.77112+00	2026-05-29 17:15:11.77112+00
1998	18	1	open	miniapp	\N	2026-05-29 17:15:15.94201+00	2026-05-29 17:15:15.94201+00
1999	15	1	open	miniapp	\N	2026-05-29 17:15:20.381177+00	2026-05-29 17:15:20.381177+00
2000	15	1	favorite_remove	miniapp	\N	2026-05-29 17:15:21.333292+00	2026-05-29 17:15:21.333292+00
2001	15	1	favorite_add	miniapp	\N	2026-05-29 17:15:21.946988+00	2026-05-29 17:15:21.946988+00
2002	17	1	open	miniapp	\N	2026-05-29 17:15:32.72951+00	2026-05-29 17:15:32.72951+00
2003	18	1	open	miniapp	\N	2026-05-29 17:15:50.442594+00	2026-05-29 17:15:50.442594+00
2004	18	1	open	miniapp	\N	2026-05-29 17:15:54.190915+00	2026-05-29 17:15:54.190915+00
2005	15	1	open	miniapp	\N	2026-05-29 17:16:01.140355+00	2026-05-29 17:16:01.140355+00
2006	18	1	open	miniapp	\N	2026-05-29 17:16:45.587603+00	2026-05-29 17:16:45.587603+00
2007	17	1	open	miniapp	\N	2026-05-29 17:17:36.291924+00	2026-05-29 17:17:36.291924+00
2008	15	\N	open	miniapp	\N	2026-05-29 17:18:12.423143+00	2026-05-29 17:18:12.423143+00
2009	15	1	open	miniapp	\N	2026-05-29 17:18:22.425446+00	2026-05-29 17:18:22.425446+00
2010	15	1	open	miniapp	\N	2026-05-29 17:18:39.253822+00	2026-05-29 17:18:39.253822+00
2011	18	1	open	miniapp	\N	2026-05-29 17:20:00.232867+00	2026-05-29 17:20:00.232867+00
2012	17	1	open	miniapp	\N	2026-05-29 17:23:12.68874+00	2026-05-29 17:23:12.68874+00
2013	15	1	open	miniapp	\N	2026-05-29 17:24:39.51857+00	2026-05-29 17:24:39.51857+00
2014	18	1	open	miniapp	\N	2026-05-29 17:24:44.063653+00	2026-05-29 17:24:44.063653+00
2015	18	1	open	miniapp	\N	2026-05-29 17:24:54.070988+00	2026-05-29 17:24:54.070988+00
2016	18	1	open	miniapp	\N	2026-05-29 17:29:59.949162+00	2026-05-29 17:29:59.949162+00
2017	15	1	open	miniapp	\N	2026-05-29 17:31:32.562671+00	2026-05-29 17:31:32.562671+00
2018	17	1	open	miniapp	\N	2026-05-29 17:31:37.991718+00	2026-05-29 17:31:37.991718+00
2019	17	1	open	miniapp	\N	2026-05-29 17:31:43.443903+00	2026-05-29 17:31:43.443903+00
2020	17	1	open	miniapp	\N	2026-05-29 17:32:09.589404+00	2026-05-29 17:32:09.589404+00
2021	17	1	open	miniapp	\N	2026-05-29 17:32:14.792556+00	2026-05-29 17:32:14.792556+00
2022	18	1	open	miniapp	\N	2026-05-29 17:32:31.510394+00	2026-05-29 17:32:31.510394+00
2023	18	1	open	miniapp	\N	2026-05-29 17:32:36.950517+00	2026-05-29 17:32:36.950517+00
2024	17	1	open	miniapp	\N	2026-05-29 17:56:43.734652+00	2026-05-29 17:56:43.734652+00
2025	18	1	open	miniapp	\N	2026-05-30 05:05:55.544657+00	2026-05-30 05:05:55.544657+00
2026	18	\N	open	miniapp	\N	2026-05-30 10:55:26.705761+00	2026-05-30 10:55:26.705761+00
2027	18	1	open	miniapp	\N	2026-05-30 10:55:42.628424+00	2026-05-30 10:55:42.628424+00
2028	18	1	open	miniapp	\N	2026-05-30 10:55:47.989345+00	2026-05-30 10:55:47.989345+00
2029	15	1	open	miniapp	\N	2026-05-30 10:55:53.424962+00	2026-05-30 10:55:53.424962+00
2030	17	1	open	miniapp	\N	2026-05-30 10:55:57.106762+00	2026-05-30 10:55:57.106762+00
2031	17	1	open	miniapp	\N	2026-05-30 10:56:08.15665+00	2026-05-30 10:56:08.15665+00
2032	15	1	open	miniapp	\N	2026-05-30 10:56:25.536952+00	2026-05-30 10:56:25.536952+00
2033	15	1	open	miniapp	\N	2026-05-30 10:56:25.78282+00	2026-05-30 10:56:25.78282+00
2034	15	1	open	miniapp	\N	2026-05-30 10:56:26.813267+00	2026-05-30 10:56:26.813267+00
2035	15	1	open	miniapp	\N	2026-05-30 10:56:28.535248+00	2026-05-30 10:56:28.535248+00
2036	15	1	open	miniapp	\N	2026-05-30 10:56:30.934056+00	2026-05-30 10:56:30.934056+00
2037	15	1	open	miniapp	\N	2026-05-30 10:56:32.596767+00	2026-05-30 10:56:32.596767+00
2038	15	1	open	miniapp	\N	2026-05-30 10:56:33.93668+00	2026-05-30 10:56:33.93668+00
2039	15	1	open	miniapp	\N	2026-05-30 10:56:36.139748+00	2026-05-30 10:56:36.139748+00
2040	18	1	open	miniapp	\N	2026-05-30 10:56:50.454582+00	2026-05-30 10:56:50.454582+00
2041	18	1	open	miniapp	\N	2026-05-30 10:57:18.065493+00	2026-05-30 19:01:05.513081+00
2042	18	1	open	miniapp	\N	2026-05-30 10:57:38.026039+00	2026-05-30 19:01:05.513081+00
2043	15	1	open	miniapp	\N	2026-05-30 15:34:58.548098+00	2026-05-30 19:01:05.513081+00
2044	18	1	open	miniapp	\N	2026-05-30 15:35:02.11325+00	2026-05-30 19:01:05.513081+00
2045	15	1	open	miniapp	\N	2026-05-30 16:20:33.991933+00	2026-05-30 19:01:05.513081+00
2046	33	1	open	miniapp	\N	2026-05-30 17:56:02.921872+00	2026-05-30 19:01:05.513081+00
2047	33	1	open	miniapp	\N	2026-05-30 17:56:15.375491+00	2026-05-30 19:01:05.513081+00
2048	33	1	open	miniapp	\N	2026-05-30 17:56:20.70208+00	2026-05-30 19:01:05.513081+00
2049	18	1	open	miniapp	\N	2026-05-30 17:56:39.343072+00	2026-05-30 19:01:05.513081+00
2050	15	1	open	miniapp	\N	2026-05-30 17:56:44.569362+00	2026-05-30 19:01:05.513081+00
2051	18	1	open	miniapp	\N	2026-05-30 17:56:46.971295+00	2026-05-30 19:01:05.513081+00
2052	33	1	open	miniapp	\N	2026-05-30 17:56:50.151245+00	2026-05-30 19:01:05.513081+00
2053	33	1	open	miniapp	\N	2026-05-30 17:56:50.386775+00	2026-05-30 19:01:05.513081+00
2054	18	1	open	miniapp	\N	2026-05-30 17:57:14.61434+00	2026-05-30 19:01:05.513081+00
2055	18	1	open	miniapp	\N	2026-05-30 18:57:43.289876+00	2026-05-30 19:01:05.513081+00
2056	33	1	open	miniapp	\N	2026-05-30 19:01:57.278322+00	2026-05-30 19:01:57.278322+00
2057	15	1	open	miniapp	\N	2026-05-30 19:02:09.249832+00	2026-05-30 19:02:09.249832+00
2058	18	1	open	miniapp	\N	2026-05-30 19:02:16.710919+00	2026-05-30 19:02:16.710919+00
2059	18	1	open	miniapp	\N	2026-05-30 19:02:21.143791+00	2026-05-30 19:02:21.143791+00
2060	18	1	open	miniapp	\N	2026-05-30 19:02:27.063722+00	2026-05-30 19:02:27.063722+00
2061	18	1	open	miniapp	\N	2026-05-30 19:03:01.007914+00	2026-05-30 19:03:01.007914+00
2062	18	1	open	miniapp	\N	2026-05-30 19:05:26.418271+00	2026-05-30 19:05:26.418271+00
2063	18	1	open	miniapp	\N	2026-05-30 19:05:43.423511+00	2026-05-30 19:05:43.423511+00
2064	18	1	open	miniapp	\N	2026-05-30 19:07:58.589685+00	2026-05-30 19:07:58.589685+00
2065	33	1	open	miniapp	\N	2026-05-30 19:24:35.247982+00	2026-05-30 19:24:35.247982+00
2068	33	1	open	miniapp	\N	2026-05-30 19:24:58.573501+00	2026-05-30 19:24:58.573501+00
2070	18	1	open	miniapp	\N	2026-05-30 19:32:39.909163+00	2026-05-30 19:32:39.909163+00
2071	18	1	open	miniapp	\N	2026-05-30 19:32:48.240433+00	2026-05-30 19:32:48.240433+00
2072	15	1	open	miniapp	\N	2026-05-30 19:32:52.198499+00	2026-05-30 19:32:52.198499+00
2073	15	1	open	miniapp	\N	2026-05-30 19:33:49.726055+00	2026-05-30 19:33:49.726055+00
2074	15	1	open	miniapp	\N	2026-05-30 20:19:13.448431+00	2026-05-30 20:19:13.448431+00
2075	15	1	open	miniapp	\N	2026-05-30 20:28:35.463867+00	2026-05-30 20:28:35.463867+00
2076	33	1	open	miniapp	\N	2026-05-30 20:28:44.333675+00	2026-05-30 20:28:44.333675+00
2077	18	1	open	miniapp	\N	2026-05-30 20:36:33.307822+00	2026-05-30 20:36:33.307822+00
2078	15	1	open	miniapp	\N	2026-05-30 20:46:41.916216+00	2026-05-30 20:46:41.916216+00
2079	15	1	open	miniapp	\N	2026-05-30 20:47:08.750208+00	2026-05-30 20:47:08.750208+00
2080	33	1	open	miniapp	\N	2026-05-30 20:54:44.172932+00	2026-05-30 20:54:44.172932+00
2081	33	1	share_click	miniapp	\N	2026-05-30 20:54:49.435577+00	2026-05-30 20:54:49.435577+00
2082	33	1	open	miniapp	\N	2026-05-30 20:55:03.499711+00	2026-05-30 20:55:03.499711+00
2083	18	1	open	miniapp	\N	2026-05-30 20:55:50.231563+00	2026-05-30 20:55:50.231563+00
2084	15	1	open	miniapp	\N	2026-05-30 20:56:05.152399+00	2026-05-30 20:56:05.152399+00
2085	15	\N	open	miniapp	\N	2026-05-30 20:57:34.080264+00	2026-05-30 21:09:44.939223+00
2086	15	\N	open	miniapp	\N	2026-05-30 21:02:27.81591+00	2026-05-30 21:09:44.939223+00
2087	15	\N	open	miniapp	\N	2026-05-30 21:06:48.43343+00	2026-05-30 21:09:44.939223+00
2088	15	1	open	miniapp	\N	2026-05-30 21:10:42.741218+00	2026-05-30 21:10:42.741218+00
2089	18	1	open	miniapp	\N	2026-05-30 22:05:02.344906+00	2026-05-30 22:05:02.344906+00
2090	15	1	open	miniapp	\N	2026-05-30 22:09:52.880283+00	2026-05-30 22:09:52.880283+00
2091	33	1	open	miniapp	\N	2026-05-30 22:09:56.846685+00	2026-05-30 22:09:56.846685+00
2092	18	1	open	miniapp	\N	2026-05-30 22:09:59.90929+00	2026-05-30 22:09:59.90929+00
2093	15	1	open	miniapp	\N	2026-05-30 22:17:31.750153+00	2026-05-30 22:17:31.750153+00
2094	33	1	open	miniapp	\N	2026-05-30 22:17:36.548435+00	2026-05-30 22:17:36.548435+00
2095	15	1	open	miniapp	\N	2026-05-30 22:20:21.230024+00	2026-05-30 22:20:21.230024+00
2096	15	1	open	miniapp	\N	2026-05-30 22:20:28.770563+00	2026-05-30 22:20:28.770563+00
2097	33	1	open	miniapp	\N	2026-05-30 22:20:32.154648+00	2026-05-30 22:20:32.154648+00
2098	33	1	open	miniapp	\N	2026-05-30 22:20:36.77097+00	2026-05-30 22:20:36.77097+00
2101	15	1	open	miniapp	\N	2026-05-30 22:24:20.580881+00	2026-05-30 22:24:20.580881+00
2102	18	1	open	miniapp	\N	2026-05-30 22:25:09.794333+00	2026-05-30 22:25:09.794333+00
2103	15	1	open	miniapp	\N	2026-05-30 22:25:12.495609+00	2026-05-30 22:25:12.495609+00
2104	15	1	open	miniapp	\N	2026-05-30 22:25:18.7698+00	2026-05-30 22:28:44.368651+00
2105	15	1	open	miniapp	\N	2026-05-30 22:25:53.979333+00	2026-05-30 22:28:44.368651+00
2106	15	1	open	miniapp	\N	2026-05-30 22:26:18.626827+00	2026-05-30 22:28:44.368651+00
2107	15	1	open	miniapp	\N	2026-05-30 22:34:22.6882+00	2026-05-30 22:34:22.6882+00
2108	35	1	open	miniapp	\N	2026-05-30 22:42:13.252516+00	2026-05-30 22:42:13.252516+00
2109	35	1	open	miniapp	\N	2026-05-30 22:42:26.541634+00	2026-05-30 22:42:26.541634+00
2110	35	\N	open	miniapp	\N	2026-05-31 10:12:13.566074+00	2026-05-31 10:12:13.566074+00
2111	35	\N	open	miniapp	\N	2026-05-31 10:12:24.280656+00	2026-05-31 10:12:24.280656+00
2112	35	\N	open	miniapp	\N	2026-05-31 10:12:28.149414+00	2026-05-31 10:12:28.149414+00
2099	18	1	open	miniapp	\N	2026-05-30 22:21:02.746153+00	2026-05-31 10:13:01.872694+00
2100	18	1	open	miniapp	\N	2026-05-30 22:21:08.338072+00	2026-05-31 10:13:01.872694+00
2113	35	1	open	miniapp	\N	2026-05-31 10:34:54.979753+00	2026-05-31 10:34:54.979753+00
2114	15	1	open	miniapp	\N	2026-05-31 10:39:58.558793+00	2026-05-31 10:39:58.558793+00
2115	35	1	open	miniapp	\N	2026-05-31 11:23:39.924621+00	2026-05-31 11:23:39.924621+00
2116	35	1	open	miniapp	\N	2026-05-31 11:23:44.097064+00	2026-05-31 11:23:44.097064+00
2117	35	1	open	miniapp	\N	2026-05-31 11:23:55.279571+00	2026-05-31 11:23:55.279571+00
2118	35	1	open	miniapp	\N	2026-05-31 11:23:59.5399+00	2026-05-31 11:23:59.5399+00
2119	33	1	open	miniapp	\N	2026-05-31 11:24:01.742112+00	2026-05-31 11:24:01.742112+00
2120	33	1	open	miniapp	\N	2026-05-31 11:24:03.651391+00	2026-05-31 11:24:03.651391+00
2121	33	1	open	miniapp	\N	2026-05-31 11:24:04.848735+00	2026-05-31 11:24:04.848735+00
2122	35	1	open	miniapp	\N	2026-05-31 11:24:06.023897+00	2026-05-31 11:24:06.023897+00
2123	33	1	open	miniapp	\N	2026-05-31 11:24:13.398852+00	2026-05-31 11:24:13.398852+00
2124	35	1	open	miniapp	\N	2026-05-31 11:24:15.528763+00	2026-05-31 11:24:15.528763+00
2125	33	1	open	miniapp	\N	2026-05-31 11:24:21.688777+00	2026-05-31 11:24:21.688777+00
2126	35	1	open	miniapp	\N	2026-05-31 11:25:15.723835+00	2026-05-31 11:25:15.723835+00
2127	15	1	open	miniapp	\N	2026-05-31 21:11:52.366198+00	2026-05-31 21:11:52.366198+00
2128	15	1	open	miniapp	\N	2026-05-31 21:11:53.255519+00	2026-05-31 21:11:53.255519+00
2129	15	1	open	miniapp	\N	2026-05-31 21:11:58.939978+00	2026-05-31 21:11:58.939978+00
2130	35	1	open	miniapp	\N	2026-05-31 21:12:06.158834+00	2026-05-31 21:12:06.158834+00
2131	35	1	favorite_add	miniapp	\N	2026-05-31 21:12:27.953091+00	2026-05-31 21:12:27.953091+00
2132	35	1	favorite_remove	miniapp	\N	2026-05-31 21:12:28.71781+00	2026-05-31 21:12:28.71781+00
2133	33	1	open	miniapp	\N	2026-05-31 21:21:27.140761+00	2026-05-31 21:21:27.140761+00
2134	18	1	open	miniapp	\N	2026-05-31 21:21:36.459852+00	2026-05-31 21:21:36.459852+00
2135	18	1	open	miniapp	\N	2026-05-31 21:21:41.815937+00	2026-05-31 21:21:41.815937+00
2136	15	1	open	miniapp	\N	2026-05-31 21:21:58.772809+00	2026-05-31 21:21:58.772809+00
2137	33	1	open	miniapp	\N	2026-05-31 21:32:49.165982+00	2026-05-31 21:32:49.165982+00
2138	33	1	open	miniapp	\N	2026-05-31 21:33:09.532473+00	2026-05-31 21:33:09.532473+00
2139	33	1	open	miniapp	\N	2026-05-31 21:33:13.343081+00	2026-05-31 21:33:13.343081+00
2140	35	1	open	miniapp	\N	2026-05-31 21:33:22.663784+00	2026-05-31 21:33:22.663784+00
2141	33	1	open	miniapp	\N	2026-05-31 21:33:32.457995+00	2026-05-31 21:33:32.457995+00
2142	35	1	open	miniapp	\N	2026-05-31 21:33:39.236221+00	2026-05-31 21:33:39.236221+00
2143	18	1	favorite_remove	miniapp	\N	2026-05-31 21:50:13.117642+00	2026-05-31 21:50:13.117642+00
2144	18	1	favorite_add	miniapp	\N	2026-05-31 21:50:13.790271+00	2026-05-31 21:50:13.790271+00
2145	18	1	favorite_remove	miniapp	\N	2026-05-31 21:50:15.236163+00	2026-05-31 21:50:15.236163+00
2146	18	1	favorite_add	miniapp	\N	2026-05-31 21:50:15.887385+00	2026-05-31 21:50:15.887385+00
2147	18	1	favorite_remove	miniapp	\N	2026-05-31 21:50:16.563641+00	2026-05-31 21:50:16.563641+00
2148	18	1	favorite_add	miniapp	\N	2026-05-31 21:50:17.105023+00	2026-05-31 21:50:17.105023+00
2149	18	1	favorite_remove	miniapp	\N	2026-05-31 21:50:17.645221+00	2026-05-31 21:50:17.645221+00
2150	15	1	open	miniapp	\N	2026-05-31 21:50:23.306737+00	2026-05-31 21:50:23.306737+00
2151	18	1	open	miniapp	\N	2026-05-31 21:54:03.014011+00	2026-05-31 21:54:03.014011+00
2152	18	1	favorite_add	miniapp	\N	2026-05-31 21:54:04.560629+00	2026-05-31 21:54:04.560629+00
2153	18	1	open	miniapp	\N	2026-05-31 21:55:20.674204+00	2026-05-31 21:55:20.674204+00
2154	35	1	open	miniapp	\N	2026-05-31 21:55:30.611521+00	2026-05-31 21:55:30.611521+00
2155	35	1	favorite_add	miniapp	\N	2026-05-31 21:55:32.451878+00	2026-05-31 21:55:32.451878+00
2156	35	1	open	miniapp	\N	2026-05-31 21:55:34.87711+00	2026-05-31 21:55:34.87711+00
2157	15	1	open	miniapp	\N	2026-05-31 21:57:50.138921+00	2026-05-31 21:57:50.138921+00
2158	18	1	open	miniapp	\N	2026-05-31 21:58:30.666801+00	2026-05-31 21:58:30.666801+00
2159	15	1	open	miniapp	\N	2026-05-31 21:58:45.705951+00	2026-05-31 21:58:45.705951+00
2160	35	1	open	miniapp	\N	2026-05-31 22:01:17.913738+00	2026-05-31 22:01:17.913738+00
2161	35	1	favorite_remove	miniapp	\N	2026-05-31 22:01:26.456339+00	2026-05-31 22:01:26.456339+00
2162	35	1	favorite_add	miniapp	\N	2026-05-31 22:01:26.945448+00	2026-05-31 22:01:26.945448+00
2163	35	1	favorite_remove	miniapp	\N	2026-05-31 22:01:38.713038+00	2026-05-31 22:01:38.713038+00
2164	35	1	favorite_add	miniapp	\N	2026-05-31 22:01:39.176946+00	2026-05-31 22:01:39.176946+00
2165	35	1	open	miniapp	\N	2026-05-31 22:02:15.713488+00	2026-05-31 22:02:15.713488+00
2166	35	1	open	miniapp	\N	2026-05-31 22:08:53.074362+00	2026-05-31 22:08:53.074362+00
2167	35	1	open	miniapp	\N	2026-05-31 22:09:11.642148+00	2026-05-31 22:09:11.642148+00
2168	18	1	open	miniapp	\N	2026-05-31 22:12:52.692106+00	2026-05-31 22:12:52.692106+00
2169	15	1	open	miniapp	\N	2026-05-31 22:13:08.258619+00	2026-05-31 22:13:08.258619+00
2170	15	1	favorite_remove	miniapp	\N	2026-05-31 22:13:09.109237+00	2026-05-31 22:13:09.109237+00
2171	15	1	open	miniapp	\N	2026-05-31 22:13:11.271861+00	2026-05-31 22:13:11.271861+00
2172	15	1	open	miniapp	\N	2026-05-31 22:13:11.528943+00	2026-05-31 22:13:11.528943+00
2173	15	1	favorite_add	miniapp	\N	2026-05-31 22:13:12.174192+00	2026-05-31 22:13:12.174192+00
2174	18	1	open	miniapp	\N	2026-05-31 22:13:14.814851+00	2026-05-31 22:13:14.814851+00
2175	18	1	favorite_remove	miniapp	\N	2026-05-31 22:13:15.816733+00	2026-05-31 22:13:15.816733+00
2176	18	1	open	miniapp	\N	2026-05-31 22:13:16.753327+00	2026-05-31 22:13:16.753327+00
2177	18	1	favorite_add	miniapp	\N	2026-05-31 22:13:17.588937+00	2026-05-31 22:13:17.588937+00
2178	18	1	open	miniapp	\N	2026-05-31 22:18:03.051623+00	2026-05-31 22:18:03.051623+00
2179	18	1	share_click	miniapp	\N	2026-05-31 22:18:05.239133+00	2026-05-31 22:18:05.239133+00
2180	18	1	open	miniapp	\N	2026-05-31 22:18:11.369614+00	2026-05-31 22:18:11.369614+00
2181	35	1	open	miniapp	\N	2026-05-31 22:25:14.596403+00	2026-05-31 22:25:14.596403+00
2182	35	1	open	miniapp	\N	2026-05-31 22:25:27.677655+00	2026-05-31 22:25:27.677655+00
2183	33	1	open	miniapp	\N	2026-05-31 23:29:47.730266+00	2026-05-31 23:29:47.730266+00
2184	35	1	open	miniapp	\N	2026-05-31 23:30:00.423074+00	2026-05-31 23:30:00.423074+00
2185	33	1	open	miniapp	\N	2026-05-31 23:30:13.762141+00	2026-05-31 23:30:13.762141+00
2186	33	1	open	miniapp	\N	2026-05-31 23:30:18.064532+00	2026-05-31 23:30:18.064532+00
2187	33	1	open	miniapp	\N	2026-05-31 23:30:20.183795+00	2026-05-31 23:30:20.183795+00
2188	33	1	open	miniapp	\N	2026-05-31 23:30:21.84423+00	2026-05-31 23:30:21.84423+00
2189	33	1	open	miniapp	\N	2026-05-31 23:30:23.942521+00	2026-05-31 23:30:23.942521+00
2190	18	1	open	miniapp	\N	2026-05-31 23:37:10.343078+00	2026-05-31 23:37:10.343078+00
2191	33	1	open	miniapp	\N	2026-05-31 23:37:22.519575+00	2026-05-31 23:37:22.519575+00
2192	18	1	open	miniapp	\N	2026-05-31 23:37:40.856013+00	2026-05-31 23:37:40.856013+00
2193	33	1	open	miniapp	\N	2026-05-31 23:37:43.446618+00	2026-05-31 23:37:43.446618+00
2194	33	1	open	miniapp	\N	2026-05-31 23:37:53.380684+00	2026-05-31 23:37:53.380684+00
2195	33	1	open	miniapp	\N	2026-05-31 23:37:58.633815+00	2026-05-31 23:37:58.633815+00
2196	35	1	open	miniapp	\N	2026-05-31 23:38:20.122906+00	2026-05-31 23:38:20.122906+00
2197	39	1	open	miniapp	\N	2026-06-01 07:02:29.440404+00	2026-06-01 07:03:03.359713+00
2198	33	1	open	miniapp	\N	2026-06-01 07:02:38.238559+00	2026-06-01 07:03:03.359713+00
2199	18	1	open	miniapp	\N	2026-06-01 07:02:41.268646+00	2026-06-01 07:03:03.359713+00
2204	39	1	open	miniapp	\N	2026-06-01 08:44:44.858299+00	2026-06-01 08:44:44.858299+00
2205	35	1	open	miniapp	\N	2026-06-01 08:44:53.321527+00	2026-06-01 08:44:53.321527+00
2206	35	1	open	miniapp	\N	2026-06-01 08:54:30.204311+00	2026-06-01 08:54:30.204311+00
2216	35	\N	open	miniapp	\N	2026-06-01 09:53:13.129453+00	2026-06-01 09:53:13.129453+00
2217	35	\N	open	miniapp	\N	2026-06-01 09:53:24.108599+00	2026-06-01 09:53:24.108599+00
2218	35	\N	open	miniapp	\N	2026-06-01 09:53:37.518056+00	2026-06-01 09:53:37.518056+00
2219	35	\N	open	miniapp	\N	2026-06-01 09:53:41.157468+00	2026-06-01 09:53:41.157468+00
2220	33	\N	open	miniapp	\N	2026-06-01 09:53:50.574366+00	2026-06-01 09:53:50.574366+00
2221	35	\N	open	miniapp	\N	2026-06-01 09:54:02.212538+00	2026-06-01 09:54:02.212538+00
2200	35	1	open	miniapp	\N	2026-06-01 07:16:52.89092+00	2026-06-01 11:42:40.992494+00
2201	18	1	open	miniapp	\N	2026-06-01 07:16:57.894507+00	2026-06-01 11:42:40.992494+00
2202	18	1	open	miniapp	\N	2026-06-01 07:17:12.43226+00	2026-06-01 11:42:40.992494+00
2234	18	1	favorite_add	miniapp	\N	2026-06-01 10:54:49.217199+00	2026-06-01 11:42:40.992494+00
2236	35	1	open	miniapp	\N	2026-06-01 10:54:57.328967+00	2026-06-01 11:42:40.992494+00
2238	35	1	open	miniapp	\N	2026-06-01 10:55:02.738008+00	2026-06-01 11:42:40.992494+00
2240	35	1	favorite_add	miniapp	\N	2026-06-01 10:55:04.03958+00	2026-06-01 11:42:40.992494+00
2242	35	1	favorite_add	miniapp	\N	2026-06-01 10:55:06.322018+00	2026-06-01 11:42:40.992494+00
2244	39	1	open	miniapp	\N	2026-06-01 10:55:31.528444+00	2026-06-01 11:42:40.992494+00
2203	35	1	open	miniapp	\N	2026-06-01 07:18:04.498372+00	2026-06-01 11:42:40.992494+00
2207	18	1	open	miniapp	\N	2026-06-01 08:56:16.727473+00	2026-06-01 11:42:40.992494+00
2208	33	1	open	miniapp	\N	2026-06-01 09:31:32.275903+00	2026-06-01 11:42:40.992494+00
2209	39	1	open	miniapp	\N	2026-06-01 09:31:39.617321+00	2026-06-01 11:42:40.992494+00
2210	35	1	open	miniapp	\N	2026-06-01 09:32:37.940984+00	2026-06-01 11:42:40.992494+00
2211	39	1	open	miniapp	\N	2026-06-01 09:42:15.298559+00	2026-06-01 11:42:40.992494+00
2212	15	1	open	miniapp	\N	2026-06-01 09:42:18.657705+00	2026-06-01 11:42:40.992494+00
2213	18	1	open	miniapp	\N	2026-06-01 09:50:46.514168+00	2026-06-01 11:42:40.992494+00
2214	15	1	open	miniapp	\N	2026-06-01 09:52:07.585741+00	2026-06-01 11:42:40.992494+00
2215	39	1	open	miniapp	\N	2026-06-01 09:52:11.057321+00	2026-06-01 11:42:40.992494+00
2222	18	1	open	miniapp	\N	2026-06-01 09:56:24.636482+00	2026-06-01 11:42:40.992494+00
2223	18	1	open	miniapp	\N	2026-06-01 10:51:07.64764+00	2026-06-01 11:42:40.992494+00
2224	35	1	open	miniapp	\N	2026-06-01 10:51:33.160312+00	2026-06-01 11:42:40.992494+00
2225	15	1	open	miniapp	\N	2026-06-01 10:51:45.872603+00	2026-06-01 11:42:40.992494+00
2226	15	1	open	miniapp	\N	2026-06-01 10:53:18.763464+00	2026-06-01 11:42:40.992494+00
2227	18	1	open	miniapp	\N	2026-06-01 10:53:31.770951+00	2026-06-01 11:42:40.992494+00
2228	18	1	open	miniapp	\N	2026-06-01 10:54:18.296792+00	2026-06-01 11:42:40.992494+00
2229	18	1	open	miniapp	\N	2026-06-01 10:54:27.454663+00	2026-06-01 11:42:40.992494+00
2230	18	1	favorite_add	miniapp	\N	2026-06-01 10:54:28.639814+00	2026-06-01 11:42:40.992494+00
2231	18	1	open	miniapp	\N	2026-06-01 10:54:46.559857+00	2026-06-01 11:42:40.992494+00
2232	18	1	favorite_remove	miniapp	\N	2026-06-01 10:54:47.539714+00	2026-06-01 11:42:40.992494+00
2233	18	1	open	miniapp	\N	2026-06-01 10:54:48.523648+00	2026-06-01 11:42:40.992494+00
2235	35	1	open	miniapp	\N	2026-06-01 10:54:57.061713+00	2026-06-01 11:42:40.992494+00
2237	35	1	favorite_add	miniapp	\N	2026-06-01 10:54:58.11162+00	2026-06-01 11:42:40.992494+00
2239	35	1	favorite_remove	miniapp	\N	2026-06-01 10:55:03.642825+00	2026-06-01 11:42:40.992494+00
2241	35	1	favorite_remove	miniapp	\N	2026-06-01 10:55:05.8036+00	2026-06-01 11:42:40.992494+00
2243	35	1	open	miniapp	\N	2026-06-01 10:55:08.831647+00	2026-06-01 11:42:40.992494+00
2245	15	1	open	miniapp	\N	2026-06-01 10:56:25.245974+00	2026-06-01 11:42:40.992494+00
2246	39	1	open	miniapp	\N	2026-06-01 10:57:04.767773+00	2026-06-01 11:42:40.992494+00
2247	33	1	open	miniapp	\N	2026-06-01 10:57:26.834584+00	2026-06-01 11:42:40.992494+00
2248	39	1	open	miniapp	\N	2026-06-01 10:57:29.712117+00	2026-06-01 11:42:40.992494+00
2249	33	1	open	miniapp	\N	2026-06-01 10:57:32.361526+00	2026-06-01 11:42:40.992494+00
2250	15	1	open	miniapp	\N	2026-06-01 10:57:47.219226+00	2026-06-01 11:42:40.992494+00
2251	15	1	open	miniapp	\N	2026-06-01 10:58:05.32087+00	2026-06-01 11:42:40.992494+00
2252	18	1	open	miniapp	\N	2026-06-01 10:58:56.921596+00	2026-06-01 11:42:40.992494+00
2253	35	1	open	miniapp	\N	2026-06-01 10:59:03.129423+00	2026-06-01 11:42:40.992494+00
2254	15	1	open	miniapp	\N	2026-06-01 10:59:06.454691+00	2026-06-01 11:42:40.992494+00
2255	15	1	open	miniapp	\N	2026-06-01 11:43:59.347472+00	2026-06-01 11:43:59.347472+00
2256	18	1	open	miniapp	\N	2026-06-01 14:12:52.77067+00	2026-06-01 14:12:52.77067+00
2257	33	1	open	miniapp	\N	2026-06-01 19:37:11.027374+00	2026-06-01 20:07:04.849147+00
2258	35	1	open	miniapp	\N	2026-06-01 19:37:18.233249+00	2026-06-01 20:07:04.849147+00
2259	39	1	open	miniapp	\N	2026-06-01 20:07:12.968167+00	2026-06-01 20:07:12.968167+00
2260	39	1	favorite_add	miniapp	\N	2026-06-01 20:08:25.457532+00	2026-06-01 20:08:25.457532+00
2261	39	1	favorite_remove	miniapp	\N	2026-06-01 20:08:26.135974+00	2026-06-01 20:08:26.135974+00
2262	15	1	open	miniapp	\N	2026-06-02 03:41:05.53173+00	2026-06-02 03:41:05.53173+00
2265	41	1	open	miniapp	\N	2026-06-02 03:50:06.631125+00	2026-06-02 03:50:06.631125+00
2266	41	\N	open	miniapp	\N	2026-06-02 03:56:14.933714+00	2026-06-02 03:56:14.933714+00
2267	41	\N	open	miniapp	\N	2026-06-02 03:56:18.749068+00	2026-06-02 03:56:18.749068+00
2268	41	\N	open	miniapp	\N	2026-06-02 03:56:46.496676+00	2026-06-02 03:56:46.496676+00
2269	41	1	open	miniapp	\N	2026-06-02 03:58:05.687123+00	2026-06-02 03:58:05.687123+00
2270	42	1	open	miniapp	\N	2026-06-02 04:00:33.199455+00	2026-06-02 04:00:33.199455+00
2271	42	1	open	miniapp	\N	2026-06-02 04:00:59.042488+00	2026-06-02 04:00:59.042488+00
2272	42	1	open	miniapp	\N	2026-06-02 04:01:30.949442+00	2026-06-02 04:01:30.949442+00
2273	42	1	open	miniapp	\N	2026-06-02 04:01:58.253955+00	2026-06-02 04:01:58.253955+00
2274	41	1	open	miniapp	\N	2026-06-02 04:02:08.591664+00	2026-06-02 04:02:08.591664+00
2275	41	1	open	miniapp	\N	2026-06-02 04:02:17.667623+00	2026-06-02 04:02:17.667623+00
2276	42	1	open	miniapp	\N	2026-06-02 04:02:50.619021+00	2026-06-02 04:02:50.619021+00
2277	42	1	open	miniapp	\N	2026-06-02 04:03:15.897915+00	2026-06-02 04:03:15.897915+00
2278	42	1	open	miniapp	\N	2026-06-02 04:03:24.793863+00	2026-06-02 04:03:24.793863+00
2279	42	1	open	miniapp	\N	2026-06-02 04:03:28.257963+00	2026-06-02 04:03:28.257963+00
2280	41	1	open	miniapp	\N	2026-06-02 04:03:39.229959+00	2026-06-02 04:03:39.229959+00
2281	41	1	open	miniapp	\N	2026-06-02 04:05:59.52113+00	2026-06-02 04:05:59.52113+00
2282	41	1	register_click	miniapp	\N	2026-06-02 04:06:01.300245+00	2026-06-02 04:06:01.300245+00
2283	41	1	open	miniapp	\N	2026-06-02 04:06:10.701072+00	2026-06-02 04:06:10.701072+00
2284	35	1	open	miniapp	\N	2026-06-02 04:06:57.621066+00	2026-06-02 04:06:57.621066+00
2285	15	1	open	miniapp	\N	2026-06-02 04:07:07.609409+00	2026-06-02 04:07:07.609409+00
2286	15	1	open	miniapp	\N	2026-06-02 04:07:07.741141+00	2026-06-02 04:07:07.741141+00
2287	18	1	open	miniapp	\N	2026-06-02 04:07:09.57776+00	2026-06-02 04:07:09.57776+00
2288	41	1	open	miniapp	\N	2026-06-02 04:07:13.668369+00	2026-06-02 04:07:13.668369+00
2289	15	1	open	miniapp	\N	2026-06-02 04:07:21.202986+00	2026-06-02 04:07:21.202986+00
\.


--
-- Data for Name: event_categories; Type: TABLE DATA; Schema: public; Owner: events_bot
--

COPY public.event_categories (id, name, slug, is_active, sort_order, created_at, updated_at) FROM stdin;
1	Computer Science	computer-science	t	10	2026-04-30 12:09:30.155362+00	2026-04-30 12:09:30.155362+00
2	Business	business	t	20	2026-04-30 12:09:30.155362+00	2026-04-30 12:09:30.155362+00
3	Startups	startups	t	30	2026-04-30 12:09:30.155362+00	2026-04-30 12:09:30.155362+00
4	Engineering	engineering	t	40	2026-04-30 12:09:30.155362+00	2026-04-30 12:09:30.155362+00
5	Design	design	t	50	2026-04-30 12:09:30.155362+00	2026-04-30 12:09:30.155362+00
6	Career	career	t	60	2026-04-30 12:09:30.155362+00	2026-04-30 12:09:30.155362+00
7	Hackathons	hackathons	t	70	2026-04-30 12:09:30.155362+00	2026-04-30 12:09:30.155362+00
8	Workshops	workshops	t	80	2026-04-30 12:09:30.155362+00	2026-04-30 12:09:30.155362+00
9	Sport	sport	t	90	2026-04-30 12:09:30.155362+00	2026-04-30 12:09:30.155362+00
10	Volunteering	volunteering	t	100	2026-04-30 12:09:30.155362+00	2026-04-30 12:09:30.155362+00
11	Entertainment	entertainment	t	110	2026-04-30 12:09:30.155362+00	2026-04-30 12:09:30.155362+00
12	Club Events	club-events	t	120	2026-04-30 12:09:30.155362+00	2026-04-30 12:09:30.155362+00
\.


--
-- Data for Name: event_detail_messages; Type: TABLE DATA; Schema: public; Owner: events_bot
--

COPY public.event_detail_messages (id, event_id, chat_id, message_id, message_link, created_at, updated_at) FROM stdin;
24	15	2	1009	https://t.me/emkaept/1009	2026-05-25 00:48:21.278935+00	2026-05-25 00:48:21.278935+00
25	15	3	1010	\N	2026-05-25 00:48:21.278935+00	2026-05-25 00:48:21.278935+00
26	15	5	1011	\N	2026-05-25 00:48:21.278935+00	2026-05-25 00:48:21.278935+00
32	17	2	1081	https://t.me/emkaept/1081	2026-05-25 01:07:58.312185+00	2026-05-25 01:07:58.312185+00
33	17	3	1082	\N	2026-05-25 01:07:58.312185+00	2026-05-25 01:07:58.312185+00
34	17	5	1083	\N	2026-05-25 01:07:58.312185+00	2026-05-25 01:07:58.312185+00
36	18	2	1116	https://t.me/emkaept/1116	2026-05-25 17:26:46.7671+00	2026-05-25 17:26:46.7671+00
37	18	3	1117	\N	2026-05-25 17:26:46.7671+00	2026-05-25 17:26:46.7671+00
38	18	5	1118	\N	2026-05-25 17:26:46.7671+00	2026-05-25 17:26:46.7671+00
40	33	2	3649	https://t.me/emkaept/3649	2026-05-30 17:55:40.393509+00	2026-05-30 17:55:40.393509+00
41	33	3	3650	\N	2026-05-30 17:55:40.393509+00	2026-05-30 17:55:40.393509+00
42	33	5	3651	\N	2026-05-30 17:55:40.393509+00	2026-05-30 17:55:40.393509+00
48	35	2	3897	https://t.me/emkaept/3897	2026-05-30 22:38:50.852377+00	2026-05-30 22:38:50.852377+00
49	35	3	3898	\N	2026-05-30 22:38:50.852377+00	2026-05-30 22:38:50.852377+00
50	35	5	3899	\N	2026-05-30 22:38:50.852377+00	2026-05-30 22:38:50.852377+00
53	41	16	46	https://t.me/c/3715363439/46	2026-06-02 03:56:00.121304+00	2026-06-02 03:56:00.121304+00
54	41	17	257	https://t.me/c/3943049372/257	2026-06-02 03:56:00.121304+00	2026-06-02 03:56:00.121304+00
55	42	16	47	https://t.me/c/3715363439/47	2026-06-02 04:00:26.676646+00	2026-06-02 04:00:26.676646+00
56	42	17	258	https://t.me/c/3943049372/258	2026-06-02 04:00:26.676646+00	2026-06-02 04:00:26.676646+00
\.


--
-- Data for Name: event_sync_jobs; Type: TABLE DATA; Schema: public; Owner: events_bot
--

COPY public.event_sync_jobs (id, event_id, operation, status, payload_json, attempts, last_error, processed_at, created_at, updated_at) FROM stdin;
1	40	approved	completed	{"snapshot": {"event_id": 40, "event_exists": true, "status": "pending", "category_id": 2, "detail_messages": []}, "operation": "approved"}	3	\N	2026-06-02 03:53:15.251986+00	2026-06-02 03:45:03.4379+00	2026-06-02 03:53:15.244216+00
2	40	deleted	completed	{"snapshot": {"event_id": 40, "event_exists": true, "status": "approved", "category_id": 2, "detail_messages": []}, "operation": "deleted"}	1	\N	2026-06-02 03:53:15.261099+00	2026-06-02 03:48:20.594313+00	2026-06-02 03:53:15.258001+00
3	41	approved	completed	{"snapshot": {"event_id": 41, "event_exists": true, "status": "pending", "category_id": 2, "detail_messages": []}, "operation": "approved"}	3	\N	2026-06-02 03:56:00.815614+00	2026-06-02 03:49:38.661124+00	2026-06-02 03:56:00.121304+00
4	42	approved	completed	{"snapshot": {"event_id": 42, "event_exists": true, "status": "pending", "category_id": 3, "detail_messages": []}, "operation": "approved"}	1	\N	2026-06-02 04:00:27.587421+00	2026-06-02 04:00:26.597571+00	2026-06-02 04:00:26.676646+00
\.


--
-- Data for Name: events; Type: TABLE DATA; Schema: public; Owner: events_bot
--

COPY public.events (id, creator_user_id, club_id, category_id, title, description, event_date, event_time, timezone, location, organizer_name, registration_url, poster_file_id, status, moderation_note, approved_by_user_id, approved_at, cancelled_at, created_at, updated_at, parent_event_id, public_token, archived_at, restored_at) FROM stdin;
18	1	\N	8	Physics Congress 2026	Physics Congress 2026 aims to bring together leading national and international experts in physical and applied sciences, as well as related and emerging interdisciplinary fields. The Congress serves as a joint international platform, co-locating several major physics conferences to encourage collaboration, knowledge exchange, and scientific advancement.\nTopics and Conferences:\n5th Annual Meeting of the Kazakh Physical Society (AMKPS 2026)\nA national forum for physicists and engineers across Kazakhstan to present current research in physical sciences, foster collaboration, and strengthen partnerships with international scientific communities.	2026-06-01	17:00:00	Asia/Almaty	Blue Hall	Anton Desyatnikov	https://nu.edu.kz/eventsm/physics-congress-at-nazarbayev-university-optical-fiber-sensing-systems-for-diagnosis-and-treatment-2026-2/	AgACAgIAAxkBAAIEUmoUhkng9HycdYsl8HWPPpp3mu3WAAJ0G2sbW--pSJono6NOPWbXAQADAgADeQADOwQ	approved	\N	1	2026-05-25 17:26:46.738239+00	\N	2026-05-25 17:26:38.515951+00	2026-05-30 19:01:05.513081+00	\N	1c9d9375-3aae-4c5f-a5ed-91c7067579a1	\N	\N
15	1	\N	7	HackNU26	Join HackNU26, a 24-hour hackathon where your ideas come to life. From AI and ML to Software Engineering and our new Growth Management track, every participant will find a challenge.	2026-05-27	10:00:00	Asia/Almaty	Nazarbayev University, Astana	ACM (@nuacmsc)	https://en.wikipedia.org/wiki/Cat	AgACAgIAAxkBAAID52oTnBwo2mCYzoHTpjW2LvtpzmJ-AAJzIWsbFKOZSIHF3jbQsZ4sAQADAgADeQADOwQ	approved	\N	1	2026-05-25 00:48:21.254265+00	\N	2026-05-25 00:48:09.459042+00	2026-05-30 19:01:05.513081+00	\N	2f5d6dea-245c-40f1-b9bb-3b4a47ef7a57	\N	\N
33	1	\N	3	DFG	fgd	2026-11-22	22:10:00	Asia/Almaty	345	Алдвда	\N	\N	approved	\N	1	2026-05-30 17:55:40.382464+00	\N	2026-05-30 17:55:09.076459+00	2026-05-30 19:01:05.513081+00	\N	1d0d0d15-85b7-4991-a9c8-0550154a274d	\N	\N
35	2	\N	12	bday of Maxim	It is a bday of max	2026-12-31	18:30:00	Asia/Almaty	Lower Atrium	Askar	\N	AgACAgIAAxkBAAIT5GocsUScVIlGzrcauRgLhzIvJlvBAALjIWsbAAFt4Eit-RuO5w4nLAEAAwIAA3kAAzsE	approved	\N	2	2026-05-30 22:38:50.83024+00	\N	2026-05-30 22:38:34.881235+00	2026-05-31 22:08:09.821144+00	\N	a21a5d7c-97fe-4337-882e-d2c3a7877568	\N	\N
42	1	\N	3	Zizi	Xjjx	2026-11-22	15:00:00	Asia/Almaty	Soso	Disi	\N	\N	approved	\N	1	2026-06-02 04:00:26.636036+00	\N	2026-06-02 04:00:22.124359+00	2026-06-02 04:00:26.597571+00	\N	5da29880-53ab-400e-9067-132f604dcdaa	\N	\N
19	1	\N	8	Physics Congress 2026	Physics Congress 2026 aims to bring together leading national and international experts in physical and applied sciences, as well as related and emerging interdisciplinary fields. The Congress serves as a joint international platform, co-locating several major physics conferences to encourage collaboration, knowledge exchange, and scientific advancement.\nTopics and Conferences:\n5th Annual Meeting of the Kazakh Physical Society (AMKPS 2026)\nA national forum for physicists and engineers across Kazakhstan to present current research in physical sciences, foster collaboration, and strengthen partnerships with international scientific communities.	2026-06-01	17:00:00	Asia/Almaty	Blue Hall	Anton Desyatnikov	https://nu.edu.kz/eventsm/physics-congress-at-nazarbayev-university-optical-fiber-sensing-systems-for-diagnosis-and-treatment-2026-2/	AgACAgIAAxkBAAIEUmoUhkng9HycdYsl8HWPPpp3mu3WAAJ0G2sbW--pSJono6NOPWbXAQADAgADeQADOwQ	rejected	asd	\N	\N	\N	2026-05-30 05:04:23.408064+00	2026-05-30 19:01:05.513081+00	18	72eea80d-0f35-487a-bc8e-451906a83d7a	\N	\N
17	1	\N	1	Backend Workshop	Are you curious about how large-scale systems work behind the scenes? Or wondering how to grow from beginner to professional in backend development? Then this event is for you! ðŸ’»\n\nJoin Feruz Iskandarov, Senior Backend Engineer at EWA Learning Languages, who previously worked at Ericsson, AIONCLOUD, and Monitorapp. With years of experience in backend and full-stack development, Feruz will share his journey, practical insights, and career advice for aspiring engineers.	2026-05-29	18:00:00	Asia/Almaty	7e.529	GDG	https://en.wikipedia.org/wiki/Cat	AgACAgIAAxkBAAIEE2oTn-ntkixhmmWnNsucFGuIHYCLAAJ1IWsbFKOZSJRjz3GEz07fAQADAgADeQADOwQ	rejected	/start	1	2026-05-25 01:07:58.283765+00	\N	2026-05-25 01:07:50.396796+00	2026-05-30 19:01:05.513081+00	\N	4091dfad-45a2-4284-951f-9a1c10238637	\N	\N
41	1	\N	2	Inspire & Connect You[th]	💯 Хочешь начать это лето с чего-то большего?\n\n🎯 Inspire & Connect You[th] - это карьерный кейс-чемпионат в сфере бизнеса, где участники смогут реализовать свою идею в MVP через программу инкубации.\n\nЧто тебя ждёт на ICY ❓\n\n⚡️ Решение бизнес-кейсов\nРабота над актуальными задачами, с которыми сталкиваются компании и стартапы сегодня.\n\n🔋 Доступ на платформу AI Startify\nРабота с главным AI-инструментом, который поможет в качественной разработке стартапа.\n\n🎙 Живые сессии от экспертов\nСоветы и реальные истории от топовых предпринимателей и экспертов в сфере стартапа.\n\n💼 Шанс выиграть стажировку\nПобедители кейс-чемпионата получат возможность пройти стажировку в Kompra Group by Kazdream — одной из крупнейших IT-экосистем Казахстана с более чем 800+ специалистами и проектами в 11 странах.	2026-06-06	15:00:00	Asia/Almaty	Nazarbayev University	AIESEC	https://aiesec-kz-tracker.vercel.app/r/telegram-announcement-2	AgACAgIAAxkBAAIXP2oeRQ9mwGNkrBKF3m4OLsY3ToFtAALnHGsbu4PwSAXXwGwFhxCqAQADAgADeQADOwQ	approved	\N	1	2026-06-02 03:49:38.684484+00	\N	2026-06-02 03:49:28.180329+00	2026-06-02 03:49:38.661124+00	\N	c8a6039a-c63e-4166-b8ab-f72e33aaeb59	\N	\N
31	1	\N	3	DFG	fgd	2026-11-22	22:10:00	Asia/Almaty	345	dfgh	\N	\N	rejected	Аь	\N	\N	\N	2026-05-30 17:17:58.850397+00	2026-05-30 19:25:25.915858+00	\N	a24660bc-4e3b-49f4-bbd3-c2a998b79bda	\N	\N
39	1	\N	3	Adieu	Jjkoolpplll	2026-11-22	22:10:00	Asia/Almaty	Yu	Алдвда	\N	\N	approved	\N	1	2026-06-01 00:15:48.393266+00	\N	2026-05-31 21:17:34.309836+00	2026-06-01 00:15:48.380318+00	\N	92f04162-669e-46d3-a155-f6378a439f57	\N	\N
\.


--
-- Data for Name: favorites; Type: TABLE DATA; Schema: public; Owner: events_bot
--

COPY public.favorites (id, user_id, event_id, created_at) FROM stdin;
219	1	15	2026-05-31 22:13:12.174192+00
220	1	18	2026-05-31 22:13:17.588937+00
218	1	35	2026-05-31 22:01:39.176946+00
\.


--
-- Data for Name: moderation_logs; Type: TABLE DATA; Schema: public; Owner: events_bot
--

COPY public.moderation_logs (id, event_id, moderator_user_id, action, comment, created_at) FROM stdin;
63	35	\N	submitted	\N	2026-05-30 22:38:34.881235+00
64	35	2	approved	\N	2026-05-30 22:38:50.816664+00
69	39	\N	submitted	Draft update submitted	2026-05-31 21:17:34.309836+00
70	39	1	approved	\N	2026-06-01 00:15:48.380318+00
74	41	\N	submitted	\N	2026-06-02 03:49:28.180329+00
75	41	1	approved	\N	2026-06-02 03:49:38.661124+00
76	42	\N	submitted	\N	2026-06-02 04:00:22.124359+00
77	42	1	approved	\N	2026-06-02 04:00:26.597571+00
33	15	\N	submitted	\N	2026-05-25 00:48:09.459042+00
34	15	1	approved	\N	2026-05-25 00:48:21.243499+00
37	17	\N	submitted	\N	2026-05-25 01:07:50.396796+00
38	17	1	approved	\N	2026-05-25 01:07:58.269646+00
39	18	\N	submitted	\N	2026-05-25 17:26:38.515951+00
40	18	1	approved	\N	2026-05-25 17:26:46.720858+00
41	19	\N	submitted	Draft update submitted	2026-05-30 05:04:23.408064+00
42	19	1	rejected	asd	2026-05-30 05:05:29.896983+00
56	31	\N	submitted	\N	2026-05-30 17:17:58.850397+00
58	33	\N	submitted	Draft update submitted	2026-05-30 17:55:09.076459+00
45	17	1	rejected	/start	2026-05-30 15:34:32.221806+00
59	33	1	approved	\N	2026-05-30 17:55:40.377302+00
62	31	1	rejected	Аь	2026-05-30 19:25:25.915858+00
\.


--
-- Data for Name: password_reset_codes; Type: TABLE DATA; Schema: public; Owner: events_bot
--

COPY public.password_reset_codes (id, user_id, code_hash, attempts_count, expires_at, resend_available_at, used_at, created_at, updated_at) FROM stdin;
1	1	c69173bd238687b8707bc5916a5b3c11bd7c7a5a74fdb6a855baaeba43b7e1ae	0	2026-05-29 09:55:57.538428+00	2026-05-29 09:46:57.538428+00	2026-05-29 09:46:34.123572+00	2026-05-29 09:45:57.539702+00	2026-05-29 09:46:34.128369+00
\.


--
-- Data for Name: ratings; Type: TABLE DATA; Schema: public; Owner: events_bot
--

COPY public.ratings (id, user_id, event_id, score, created_at, updated_at, deleted_at, deleted_by_user_id, delete_reason) FROM stdin;
14	2	17	5	2026-05-29 09:44:31.849667+00	2026-05-29 09:44:31.849667+00	\N	\N	\N
21	1	17	3	2026-05-30 10:56:07.948114+00	2026-05-30 10:56:07.948114+00	\N	\N	\N
23	1	15	5	2026-05-30 22:20:28.525449+00	2026-05-30 22:20:28.525449+00	\N	\N	\N
24	1	33	3	2026-05-30 22:20:36.574244+00	2026-05-30 22:20:36.574244+00	\N	\N	\N
25	1	18	2	2026-05-31 21:21:41.615302+00	2026-05-31 21:21:41.615302+00	\N	\N	\N
26	1	42	4	2026-06-02 04:03:15.661673+00	2026-06-02 04:03:15.661673+00	\N	\N	\N
\.


--
-- Data for Name: reminders; Type: TABLE DATA; Schema: public; Owner: events_bot
--

COPY public.reminders (id, user_id, event_id, remind_at, reminder_type, status, sent_at, created_at, updated_at, offset_minutes) FROM stdin;
44	1	18	2026-05-31 12:00:00+00	offset_1440	sent	2026-05-31 12:00:48.139956+00	2026-05-30 19:02:20.888968+00	2026-05-31 12:00:47.954009+00	1440
45	1	18	2026-06-01 09:00:00+00	offset_180	sent	2026-06-01 09:00:21.369894+00	2026-05-31 22:18:11.110046+00	2026-06-01 09:00:20.989142+00	180
5	1	15	2026-05-27 11:50:00+00	offset_10	cancelled	\N	2026-05-25 12:21:01.962911+00	2026-05-25 12:21:24.313974+00	10
10	1	15	2026-05-27 07:00:00+00	offset_300	cancelled	\N	2026-05-25 14:19:02.068094+00	2026-05-25 14:34:21.620842+00	300
11	1	15	2026-05-26 02:51:00+00	offset_1989	cancelled	\N	2026-05-25 14:35:28.142314+00	2026-05-25 14:35:48.297462+00	1989
20	1	15	2026-05-26 11:52:00+00	offset_1448	cancelled	\N	2026-05-25 14:40:52.82248+00	2026-05-25 14:50:21.959757+00	1448
16	1	15	2026-05-27 11:30:00+00	offset_30	cancelled	\N	2026-05-25 14:39:07.332442+00	2026-05-25 14:50:22.826079+00	30
21	1	15	2026-05-27 11:55:00+00	offset_5	cancelled	\N	2026-05-25 14:40:55.773604+00	2026-05-25 14:50:25.522249+00	5
35	1	15	2026-05-25 15:38:00+00	offset_2662	sent	2026-05-25 15:38:19.671986+00	2026-05-25 15:37:38.086245+00	2026-05-25 15:38:18.919142+00	2662
41	1	15	2026-05-27 09:00:00+00	offset_180	sent	2026-05-27 09:22:16.386289+00	2026-05-26 21:21:06.898451+00	2026-05-27 09:22:16.043765+00	180
40	1	17	2026-05-28 13:00:00+00	offset_1440	sent	2026-05-28 13:01:00.099072+00	2026-05-26 21:20:59.940745+00	2026-05-28 13:00:59.770485+00	1440
43	1	17	2026-05-29 10:00:00+00	offset_180	sent	2026-05-29 10:00:32.392379+00	2026-05-29 06:27:24.717523+00	2026-05-29 10:00:32.143473+00	180
\.


--
-- Data for Name: user_activity_logs; Type: TABLE DATA; Schema: public; Owner: events_bot
--

COPY public.user_activity_logs (id, user_id, action, metadata_json, created_at) FROM stdin;
\.


--
-- Data for Name: users; Type: TABLE DATA; Schema: public; Owner: events_bot
--

COPY public.users (id, telegram_id, username, first_name, last_name, language_code, is_bot, is_moderator, created_at, updated_at, email, password_hash, is_verified, nickname, role, is_blocked, blocked_reason, blocked_at, blocked_by_admin_id, last_active_at, language, language_selected) FROM stdin;
61	1816129042	freeezxes	Alizhan		en	f	f	2026-06-01 07:05:48.962841+00	2026-06-01 09:44:47.977871+00	\N	\N	f	\N	admin	f	\N	\N	\N	2026-06-01 09:44:47.980868+00	en	f
2	5352245948	AskarShilderkhan	Askar	Shilderkhan	en	f	f	2026-05-01 09:05:30.86299+00	2026-05-30 22:38:34.881235+00	askar.shilderkhan@nu.edu.kz	600000$136dee0727572a5b4f2d9be870dca497$0a3097cafca7bff316d1b5f12bd99a27e8a73ce38f1ce1da523312a66e27f35a	t	askar.shilderkhan	admin	f	\N	\N	\N	\N	en	f
1	7015853923	emkaept	emka		en	f	f	2026-04-30 12:42:29.511857+00	2026-06-02 04:07:21.202986+00	maxim.egof@nu.edu.kz	600000$36d1b99fcfc3c24d6bc2e2d56452667a$d2a7069c5627ffae6cadfd0fc169e278ea428bfae78561edb0328f2570bf2aa8	t	maxim.egof	admin	f	\N	\N	\N	2026-06-02 04:07:21.20771+00	en	t
\.


--
-- Name: audit_logs_id_seq; Type: SEQUENCE SET; Schema: public; Owner: events_bot
--

SELECT pg_catalog.setval('public.audit_logs_id_seq', 20, true);


--
-- Name: chat_category_settings_id_seq; Type: SEQUENCE SET; Schema: public; Owner: events_bot
--

SELECT pg_catalog.setval('public.chat_category_settings_id_seq', 204, true);


--
-- Name: chats_id_seq; Type: SEQUENCE SET; Schema: public; Owner: events_bot
--

SELECT pg_catalog.setval('public.chats_id_seq', 17, true);


--
-- Name: clubs_id_seq; Type: SEQUENCE SET; Schema: public; Owner: events_bot
--

SELECT pg_catalog.setval('public.clubs_id_seq', 1, false);


--
-- Name: comments_id_seq; Type: SEQUENCE SET; Schema: public; Owner: events_bot
--

SELECT pg_catalog.setval('public.comments_id_seq', 13, true);


--
-- Name: dashboard_messages_id_seq; Type: SEQUENCE SET; Schema: public; Owner: events_bot
--

SELECT pg_catalog.setval('public.dashboard_messages_id_seq', 12, true);


--
-- Name: email_verification_codes_id_seq; Type: SEQUENCE SET; Schema: public; Owner: events_bot
--

SELECT pg_catalog.setval('public.email_verification_codes_id_seq', 24, true);


--
-- Name: event_analytics_id_seq; Type: SEQUENCE SET; Schema: public; Owner: events_bot
--

SELECT pg_catalog.setval('public.event_analytics_id_seq', 2289, true);


--
-- Name: event_categories_id_seq; Type: SEQUENCE SET; Schema: public; Owner: events_bot
--

SELECT pg_catalog.setval('public.event_categories_id_seq', 14, true);


--
-- Name: event_detail_messages_id_seq; Type: SEQUENCE SET; Schema: public; Owner: events_bot
--

SELECT pg_catalog.setval('public.event_detail_messages_id_seq', 56, true);


--
-- Name: event_sync_jobs_id_seq; Type: SEQUENCE SET; Schema: public; Owner: events_bot
--

SELECT pg_catalog.setval('public.event_sync_jobs_id_seq', 4, true);


--
-- Name: events_id_seq; Type: SEQUENCE SET; Schema: public; Owner: events_bot
--

SELECT pg_catalog.setval('public.events_id_seq', 42, true);


--
-- Name: favorites_id_seq; Type: SEQUENCE SET; Schema: public; Owner: events_bot
--

SELECT pg_catalog.setval('public.favorites_id_seq', 226, true);


--
-- Name: moderation_logs_id_seq; Type: SEQUENCE SET; Schema: public; Owner: events_bot
--

SELECT pg_catalog.setval('public.moderation_logs_id_seq', 77, true);


--
-- Name: password_reset_codes_id_seq; Type: SEQUENCE SET; Schema: public; Owner: events_bot
--

SELECT pg_catalog.setval('public.password_reset_codes_id_seq', 1, true);


--
-- Name: ratings_id_seq; Type: SEQUENCE SET; Schema: public; Owner: events_bot
--

SELECT pg_catalog.setval('public.ratings_id_seq', 26, true);


--
-- Name: reminders_id_seq; Type: SEQUENCE SET; Schema: public; Owner: events_bot
--

SELECT pg_catalog.setval('public.reminders_id_seq', 45, true);


--
-- Name: user_activity_logs_id_seq; Type: SEQUENCE SET; Schema: public; Owner: events_bot
--

SELECT pg_catalog.setval('public.user_activity_logs_id_seq', 1, false);


--
-- Name: users_id_seq; Type: SEQUENCE SET; Schema: public; Owner: events_bot
--

SELECT pg_catalog.setval('public.users_id_seq', 64, true);


--
-- Name: alembic_version alembic_version_pkc; Type: CONSTRAINT; Schema: public; Owner: events_bot
--

ALTER TABLE ONLY public.alembic_version
    ADD CONSTRAINT alembic_version_pkc PRIMARY KEY (version_num);


--
-- Name: audit_logs pk_audit_logs; Type: CONSTRAINT; Schema: public; Owner: events_bot
--

ALTER TABLE ONLY public.audit_logs
    ADD CONSTRAINT pk_audit_logs PRIMARY KEY (id);


--
-- Name: chat_category_settings pk_chat_category_settings; Type: CONSTRAINT; Schema: public; Owner: events_bot
--

ALTER TABLE ONLY public.chat_category_settings
    ADD CONSTRAINT pk_chat_category_settings PRIMARY KEY (id);


--
-- Name: chats pk_chats; Type: CONSTRAINT; Schema: public; Owner: events_bot
--

ALTER TABLE ONLY public.chats
    ADD CONSTRAINT pk_chats PRIMARY KEY (id);


--
-- Name: clubs pk_clubs; Type: CONSTRAINT; Schema: public; Owner: events_bot
--

ALTER TABLE ONLY public.clubs
    ADD CONSTRAINT pk_clubs PRIMARY KEY (id);


--
-- Name: comments pk_comments; Type: CONSTRAINT; Schema: public; Owner: events_bot
--

ALTER TABLE ONLY public.comments
    ADD CONSTRAINT pk_comments PRIMARY KEY (id);


--
-- Name: dashboard_messages pk_dashboard_messages; Type: CONSTRAINT; Schema: public; Owner: events_bot
--

ALTER TABLE ONLY public.dashboard_messages
    ADD CONSTRAINT pk_dashboard_messages PRIMARY KEY (id);


--
-- Name: email_verification_codes pk_email_verification_codes; Type: CONSTRAINT; Schema: public; Owner: events_bot
--

ALTER TABLE ONLY public.email_verification_codes
    ADD CONSTRAINT pk_email_verification_codes PRIMARY KEY (id);


--
-- Name: event_analytics pk_event_analytics; Type: CONSTRAINT; Schema: public; Owner: events_bot
--

ALTER TABLE ONLY public.event_analytics
    ADD CONSTRAINT pk_event_analytics PRIMARY KEY (id);


--
-- Name: event_categories pk_event_categories; Type: CONSTRAINT; Schema: public; Owner: events_bot
--

ALTER TABLE ONLY public.event_categories
    ADD CONSTRAINT pk_event_categories PRIMARY KEY (id);


--
-- Name: event_detail_messages pk_event_detail_messages; Type: CONSTRAINT; Schema: public; Owner: events_bot
--

ALTER TABLE ONLY public.event_detail_messages
    ADD CONSTRAINT pk_event_detail_messages PRIMARY KEY (id);


--
-- Name: event_sync_jobs pk_event_sync_jobs; Type: CONSTRAINT; Schema: public; Owner: events_bot
--

ALTER TABLE ONLY public.event_sync_jobs
    ADD CONSTRAINT pk_event_sync_jobs PRIMARY KEY (id);


--
-- Name: events pk_events; Type: CONSTRAINT; Schema: public; Owner: events_bot
--

ALTER TABLE ONLY public.events
    ADD CONSTRAINT pk_events PRIMARY KEY (id);


--
-- Name: favorites pk_favorites; Type: CONSTRAINT; Schema: public; Owner: events_bot
--

ALTER TABLE ONLY public.favorites
    ADD CONSTRAINT pk_favorites PRIMARY KEY (id);


--
-- Name: moderation_logs pk_moderation_logs; Type: CONSTRAINT; Schema: public; Owner: events_bot
--

ALTER TABLE ONLY public.moderation_logs
    ADD CONSTRAINT pk_moderation_logs PRIMARY KEY (id);


--
-- Name: password_reset_codes pk_password_reset_codes; Type: CONSTRAINT; Schema: public; Owner: events_bot
--

ALTER TABLE ONLY public.password_reset_codes
    ADD CONSTRAINT pk_password_reset_codes PRIMARY KEY (id);


--
-- Name: ratings pk_ratings; Type: CONSTRAINT; Schema: public; Owner: events_bot
--

ALTER TABLE ONLY public.ratings
    ADD CONSTRAINT pk_ratings PRIMARY KEY (id);


--
-- Name: reminders pk_reminders; Type: CONSTRAINT; Schema: public; Owner: events_bot
--

ALTER TABLE ONLY public.reminders
    ADD CONSTRAINT pk_reminders PRIMARY KEY (id);


--
-- Name: user_activity_logs pk_user_activity_logs; Type: CONSTRAINT; Schema: public; Owner: events_bot
--

ALTER TABLE ONLY public.user_activity_logs
    ADD CONSTRAINT pk_user_activity_logs PRIMARY KEY (id);


--
-- Name: users pk_users; Type: CONSTRAINT; Schema: public; Owner: events_bot
--

ALTER TABLE ONLY public.users
    ADD CONSTRAINT pk_users PRIMARY KEY (id);


--
-- Name: chat_category_settings uq_chat_category_settings_chat_id_category_id; Type: CONSTRAINT; Schema: public; Owner: events_bot
--

ALTER TABLE ONLY public.chat_category_settings
    ADD CONSTRAINT uq_chat_category_settings_chat_id_category_id UNIQUE (chat_id, category_id);


--
-- Name: chats uq_chats_telegram_chat_id; Type: CONSTRAINT; Schema: public; Owner: events_bot
--

ALTER TABLE ONLY public.chats
    ADD CONSTRAINT uq_chats_telegram_chat_id UNIQUE (telegram_chat_id);


--
-- Name: clubs uq_clubs_name; Type: CONSTRAINT; Schema: public; Owner: events_bot
--

ALTER TABLE ONLY public.clubs
    ADD CONSTRAINT uq_clubs_name UNIQUE (name);


--
-- Name: dashboard_messages uq_dashboard_messages_chat_id; Type: CONSTRAINT; Schema: public; Owner: events_bot
--

ALTER TABLE ONLY public.dashboard_messages
    ADD CONSTRAINT uq_dashboard_messages_chat_id UNIQUE (chat_id);


--
-- Name: event_categories uq_event_categories_name; Type: CONSTRAINT; Schema: public; Owner: events_bot
--

ALTER TABLE ONLY public.event_categories
    ADD CONSTRAINT uq_event_categories_name UNIQUE (name);


--
-- Name: event_categories uq_event_categories_slug; Type: CONSTRAINT; Schema: public; Owner: events_bot
--

ALTER TABLE ONLY public.event_categories
    ADD CONSTRAINT uq_event_categories_slug UNIQUE (slug);


--
-- Name: event_detail_messages uq_event_detail_messages_event_id_chat_id; Type: CONSTRAINT; Schema: public; Owner: events_bot
--

ALTER TABLE ONLY public.event_detail_messages
    ADD CONSTRAINT uq_event_detail_messages_event_id_chat_id UNIQUE (event_id, chat_id);


--
-- Name: favorites uq_favorites_user_id_event_id; Type: CONSTRAINT; Schema: public; Owner: events_bot
--

ALTER TABLE ONLY public.favorites
    ADD CONSTRAINT uq_favorites_user_id_event_id UNIQUE (user_id, event_id);


--
-- Name: ratings uq_ratings_user_id_event_id; Type: CONSTRAINT; Schema: public; Owner: events_bot
--

ALTER TABLE ONLY public.ratings
    ADD CONSTRAINT uq_ratings_user_id_event_id UNIQUE (user_id, event_id);


--
-- Name: reminders uq_reminders_user_id_event_id_offset_minutes; Type: CONSTRAINT; Schema: public; Owner: events_bot
--

ALTER TABLE ONLY public.reminders
    ADD CONSTRAINT uq_reminders_user_id_event_id_offset_minutes UNIQUE (user_id, event_id, offset_minutes);


--
-- Name: users uq_users_telegram_id; Type: CONSTRAINT; Schema: public; Owner: events_bot
--

ALTER TABLE ONLY public.users
    ADD CONSTRAINT uq_users_telegram_id UNIQUE (telegram_id);


--
-- Name: ix_audit_logs_action; Type: INDEX; Schema: public; Owner: events_bot
--

CREATE INDEX ix_audit_logs_action ON public.audit_logs USING btree (action);


--
-- Name: ix_audit_logs_actor_user_id; Type: INDEX; Schema: public; Owner: events_bot
--

CREATE INDEX ix_audit_logs_actor_user_id ON public.audit_logs USING btree (actor_user_id);


--
-- Name: ix_audit_logs_target_type_target_id; Type: INDEX; Schema: public; Owner: events_bot
--

CREATE INDEX ix_audit_logs_target_type_target_id ON public.audit_logs USING btree (target_type, target_id);


--
-- Name: ix_chats_telegram_chat_id; Type: INDEX; Schema: public; Owner: events_bot
--

CREATE INDEX ix_chats_telegram_chat_id ON public.chats USING btree (telegram_chat_id);


--
-- Name: ix_comments_event_id; Type: INDEX; Schema: public; Owner: events_bot
--

CREATE INDEX ix_comments_event_id ON public.comments USING btree (event_id);


--
-- Name: ix_comments_user_id; Type: INDEX; Schema: public; Owner: events_bot
--

CREATE INDEX ix_comments_user_id ON public.comments USING btree (user_id);


--
-- Name: ix_email_verification_codes_email; Type: INDEX; Schema: public; Owner: events_bot
--

CREATE INDEX ix_email_verification_codes_email ON public.email_verification_codes USING btree (email);


--
-- Name: ix_email_verification_codes_user_id; Type: INDEX; Schema: public; Owner: events_bot
--

CREATE INDEX ix_email_verification_codes_user_id ON public.email_verification_codes USING btree (user_id);


--
-- Name: ix_event_analytics_event_action_created; Type: INDEX; Schema: public; Owner: events_bot
--

CREATE INDEX ix_event_analytics_event_action_created ON public.event_analytics USING btree (event_id, action, created_at);


--
-- Name: ix_event_analytics_user_action_created; Type: INDEX; Schema: public; Owner: events_bot
--

CREATE INDEX ix_event_analytics_user_action_created ON public.event_analytics USING btree (user_id, action, created_at);


--
-- Name: ix_event_detail_messages_chat_message; Type: INDEX; Schema: public; Owner: events_bot
--

CREATE INDEX ix_event_detail_messages_chat_message ON public.event_detail_messages USING btree (chat_id, message_id);


--
-- Name: ix_event_sync_jobs_event_created; Type: INDEX; Schema: public; Owner: events_bot
--

CREATE INDEX ix_event_sync_jobs_event_created ON public.event_sync_jobs USING btree (event_id, created_at);


--
-- Name: ix_event_sync_jobs_status_created; Type: INDEX; Schema: public; Owner: events_bot
--

CREATE INDEX ix_event_sync_jobs_status_created ON public.event_sync_jobs USING btree (status, created_at);


--
-- Name: ix_events_category_date_time; Type: INDEX; Schema: public; Owner: events_bot
--

CREATE INDEX ix_events_category_date_time ON public.events USING btree (category_id, event_date, event_time);


--
-- Name: ix_events_public_token; Type: INDEX; Schema: public; Owner: events_bot
--

CREATE UNIQUE INDEX ix_events_public_token ON public.events USING btree (public_token);


--
-- Name: ix_events_status_date_time; Type: INDEX; Schema: public; Owner: events_bot
--

CREATE INDEX ix_events_status_date_time ON public.events USING btree (status, event_date, event_time);


--
-- Name: ix_favorites_event_id; Type: INDEX; Schema: public; Owner: events_bot
--

CREATE INDEX ix_favorites_event_id ON public.favorites USING btree (event_id);


--
-- Name: ix_favorites_user_created; Type: INDEX; Schema: public; Owner: events_bot
--

CREATE INDEX ix_favorites_user_created ON public.favorites USING btree (user_id, created_at);


--
-- Name: ix_moderation_logs_event_created; Type: INDEX; Schema: public; Owner: events_bot
--

CREATE INDEX ix_moderation_logs_event_created ON public.moderation_logs USING btree (event_id, created_at);


--
-- Name: ix_password_reset_codes_expires_at; Type: INDEX; Schema: public; Owner: events_bot
--

CREATE INDEX ix_password_reset_codes_expires_at ON public.password_reset_codes USING btree (expires_at);


--
-- Name: ix_password_reset_codes_user_id; Type: INDEX; Schema: public; Owner: events_bot
--

CREATE INDEX ix_password_reset_codes_user_id ON public.password_reset_codes USING btree (user_id);


--
-- Name: ix_ratings_event_id; Type: INDEX; Schema: public; Owner: events_bot
--

CREATE INDEX ix_ratings_event_id ON public.ratings USING btree (event_id);


--
-- Name: ix_ratings_user_id; Type: INDEX; Schema: public; Owner: events_bot
--

CREATE INDEX ix_ratings_user_id ON public.ratings USING btree (user_id);


--
-- Name: ix_reminders_status_remind_at; Type: INDEX; Schema: public; Owner: events_bot
--

CREATE INDEX ix_reminders_status_remind_at ON public.reminders USING btree (status, remind_at);


--
-- Name: ix_reminders_user_status_remind_at; Type: INDEX; Schema: public; Owner: events_bot
--

CREATE INDEX ix_reminders_user_status_remind_at ON public.reminders USING btree (user_id, status, remind_at);


--
-- Name: ix_user_activity_logs_action; Type: INDEX; Schema: public; Owner: events_bot
--

CREATE INDEX ix_user_activity_logs_action ON public.user_activity_logs USING btree (action);


--
-- Name: ix_user_activity_logs_user_id; Type: INDEX; Schema: public; Owner: events_bot
--

CREATE INDEX ix_user_activity_logs_user_id ON public.user_activity_logs USING btree (user_id);


--
-- Name: ix_users_telegram_id; Type: INDEX; Schema: public; Owner: events_bot
--

CREATE INDEX ix_users_telegram_id ON public.users USING btree (telegram_id);


--
-- Name: uq_users_verified_email; Type: INDEX; Schema: public; Owner: events_bot
--

CREATE UNIQUE INDEX uq_users_verified_email ON public.users USING btree (email) WHERE (is_verified = true);


--
-- Name: uq_users_verified_nickname; Type: INDEX; Schema: public; Owner: events_bot
--

CREATE UNIQUE INDEX uq_users_verified_nickname ON public.users USING btree (nickname) WHERE (is_verified = true);


--
-- Name: audit_logs fk_audit_logs_actor_user_id_users; Type: FK CONSTRAINT; Schema: public; Owner: events_bot
--

ALTER TABLE ONLY public.audit_logs
    ADD CONSTRAINT fk_audit_logs_actor_user_id_users FOREIGN KEY (actor_user_id) REFERENCES public.users(id) ON DELETE SET NULL;


--
-- Name: chat_category_settings fk_chat_category_settings_category_id_event_categories; Type: FK CONSTRAINT; Schema: public; Owner: events_bot
--

ALTER TABLE ONLY public.chat_category_settings
    ADD CONSTRAINT fk_chat_category_settings_category_id_event_categories FOREIGN KEY (category_id) REFERENCES public.event_categories(id) ON DELETE CASCADE;


--
-- Name: chat_category_settings fk_chat_category_settings_chat_id_chats; Type: FK CONSTRAINT; Schema: public; Owner: events_bot
--

ALTER TABLE ONLY public.chat_category_settings
    ADD CONSTRAINT fk_chat_category_settings_chat_id_chats FOREIGN KEY (chat_id) REFERENCES public.chats(id) ON DELETE CASCADE;


--
-- Name: chats fk_chats_created_by_user_id_users; Type: FK CONSTRAINT; Schema: public; Owner: events_bot
--

ALTER TABLE ONLY public.chats
    ADD CONSTRAINT fk_chats_created_by_user_id_users FOREIGN KEY (created_by_user_id) REFERENCES public.users(id) ON DELETE SET NULL;


--
-- Name: clubs fk_clubs_owner_user_id_users; Type: FK CONSTRAINT; Schema: public; Owner: events_bot
--

ALTER TABLE ONLY public.clubs
    ADD CONSTRAINT fk_clubs_owner_user_id_users FOREIGN KEY (owner_user_id) REFERENCES public.users(id) ON DELETE SET NULL;


--
-- Name: comments fk_comments_deleted_by_user_id_users; Type: FK CONSTRAINT; Schema: public; Owner: events_bot
--

ALTER TABLE ONLY public.comments
    ADD CONSTRAINT fk_comments_deleted_by_user_id_users FOREIGN KEY (deleted_by_user_id) REFERENCES public.users(id) ON DELETE SET NULL;


--
-- Name: comments fk_comments_event_id_events; Type: FK CONSTRAINT; Schema: public; Owner: events_bot
--

ALTER TABLE ONLY public.comments
    ADD CONSTRAINT fk_comments_event_id_events FOREIGN KEY (event_id) REFERENCES public.events(id) ON DELETE CASCADE;


--
-- Name: comments fk_comments_user_id_users; Type: FK CONSTRAINT; Schema: public; Owner: events_bot
--

ALTER TABLE ONLY public.comments
    ADD CONSTRAINT fk_comments_user_id_users FOREIGN KEY (user_id) REFERENCES public.users(id) ON DELETE CASCADE;


--
-- Name: dashboard_messages fk_dashboard_messages_chat_id_chats; Type: FK CONSTRAINT; Schema: public; Owner: events_bot
--

ALTER TABLE ONLY public.dashboard_messages
    ADD CONSTRAINT fk_dashboard_messages_chat_id_chats FOREIGN KEY (chat_id) REFERENCES public.chats(id) ON DELETE CASCADE;


--
-- Name: email_verification_codes fk_email_verification_codes_user_id_users; Type: FK CONSTRAINT; Schema: public; Owner: events_bot
--

ALTER TABLE ONLY public.email_verification_codes
    ADD CONSTRAINT fk_email_verification_codes_user_id_users FOREIGN KEY (user_id) REFERENCES public.users(id) ON DELETE CASCADE;


--
-- Name: event_analytics fk_event_analytics_event_id_events; Type: FK CONSTRAINT; Schema: public; Owner: events_bot
--

ALTER TABLE ONLY public.event_analytics
    ADD CONSTRAINT fk_event_analytics_event_id_events FOREIGN KEY (event_id) REFERENCES public.events(id) ON DELETE CASCADE;


--
-- Name: event_analytics fk_event_analytics_user_id_users; Type: FK CONSTRAINT; Schema: public; Owner: events_bot
--

ALTER TABLE ONLY public.event_analytics
    ADD CONSTRAINT fk_event_analytics_user_id_users FOREIGN KEY (user_id) REFERENCES public.users(id) ON DELETE SET NULL;


--
-- Name: event_detail_messages fk_event_detail_messages_chat_id_chats; Type: FK CONSTRAINT; Schema: public; Owner: events_bot
--

ALTER TABLE ONLY public.event_detail_messages
    ADD CONSTRAINT fk_event_detail_messages_chat_id_chats FOREIGN KEY (chat_id) REFERENCES public.chats(id) ON DELETE CASCADE;


--
-- Name: event_detail_messages fk_event_detail_messages_event_id_events; Type: FK CONSTRAINT; Schema: public; Owner: events_bot
--

ALTER TABLE ONLY public.event_detail_messages
    ADD CONSTRAINT fk_event_detail_messages_event_id_events FOREIGN KEY (event_id) REFERENCES public.events(id) ON DELETE CASCADE;


--
-- Name: events fk_events_approved_by_user_id_users; Type: FK CONSTRAINT; Schema: public; Owner: events_bot
--

ALTER TABLE ONLY public.events
    ADD CONSTRAINT fk_events_approved_by_user_id_users FOREIGN KEY (approved_by_user_id) REFERENCES public.users(id) ON DELETE SET NULL;


--
-- Name: events fk_events_category_id_event_categories; Type: FK CONSTRAINT; Schema: public; Owner: events_bot
--

ALTER TABLE ONLY public.events
    ADD CONSTRAINT fk_events_category_id_event_categories FOREIGN KEY (category_id) REFERENCES public.event_categories(id) ON DELETE RESTRICT;


--
-- Name: events fk_events_club_id_clubs; Type: FK CONSTRAINT; Schema: public; Owner: events_bot
--

ALTER TABLE ONLY public.events
    ADD CONSTRAINT fk_events_club_id_clubs FOREIGN KEY (club_id) REFERENCES public.clubs(id) ON DELETE SET NULL;


--
-- Name: events fk_events_creator_user_id_users; Type: FK CONSTRAINT; Schema: public; Owner: events_bot
--

ALTER TABLE ONLY public.events
    ADD CONSTRAINT fk_events_creator_user_id_users FOREIGN KEY (creator_user_id) REFERENCES public.users(id) ON DELETE RESTRICT;


--
-- Name: events fk_events_parent_event_id_events; Type: FK CONSTRAINT; Schema: public; Owner: events_bot
--

ALTER TABLE ONLY public.events
    ADD CONSTRAINT fk_events_parent_event_id_events FOREIGN KEY (parent_event_id) REFERENCES public.events(id) ON DELETE CASCADE;


--
-- Name: favorites fk_favorites_event_id_events; Type: FK CONSTRAINT; Schema: public; Owner: events_bot
--

ALTER TABLE ONLY public.favorites
    ADD CONSTRAINT fk_favorites_event_id_events FOREIGN KEY (event_id) REFERENCES public.events(id) ON DELETE CASCADE;


--
-- Name: favorites fk_favorites_user_id_users; Type: FK CONSTRAINT; Schema: public; Owner: events_bot
--

ALTER TABLE ONLY public.favorites
    ADD CONSTRAINT fk_favorites_user_id_users FOREIGN KEY (user_id) REFERENCES public.users(id) ON DELETE CASCADE;


--
-- Name: moderation_logs fk_moderation_logs_event_id_events; Type: FK CONSTRAINT; Schema: public; Owner: events_bot
--

ALTER TABLE ONLY public.moderation_logs
    ADD CONSTRAINT fk_moderation_logs_event_id_events FOREIGN KEY (event_id) REFERENCES public.events(id) ON DELETE CASCADE;


--
-- Name: moderation_logs fk_moderation_logs_moderator_user_id_users; Type: FK CONSTRAINT; Schema: public; Owner: events_bot
--

ALTER TABLE ONLY public.moderation_logs
    ADD CONSTRAINT fk_moderation_logs_moderator_user_id_users FOREIGN KEY (moderator_user_id) REFERENCES public.users(id) ON DELETE SET NULL;


--
-- Name: password_reset_codes fk_password_reset_codes_user_id_users; Type: FK CONSTRAINT; Schema: public; Owner: events_bot
--

ALTER TABLE ONLY public.password_reset_codes
    ADD CONSTRAINT fk_password_reset_codes_user_id_users FOREIGN KEY (user_id) REFERENCES public.users(id) ON DELETE CASCADE;


--
-- Name: ratings fk_ratings_deleted_by_user_id_users; Type: FK CONSTRAINT; Schema: public; Owner: events_bot
--

ALTER TABLE ONLY public.ratings
    ADD CONSTRAINT fk_ratings_deleted_by_user_id_users FOREIGN KEY (deleted_by_user_id) REFERENCES public.users(id) ON DELETE SET NULL;


--
-- Name: ratings fk_ratings_event_id_events; Type: FK CONSTRAINT; Schema: public; Owner: events_bot
--

ALTER TABLE ONLY public.ratings
    ADD CONSTRAINT fk_ratings_event_id_events FOREIGN KEY (event_id) REFERENCES public.events(id) ON DELETE CASCADE;


--
-- Name: ratings fk_ratings_user_id_users; Type: FK CONSTRAINT; Schema: public; Owner: events_bot
--

ALTER TABLE ONLY public.ratings
    ADD CONSTRAINT fk_ratings_user_id_users FOREIGN KEY (user_id) REFERENCES public.users(id) ON DELETE CASCADE;


--
-- Name: reminders fk_reminders_event_id_events; Type: FK CONSTRAINT; Schema: public; Owner: events_bot
--

ALTER TABLE ONLY public.reminders
    ADD CONSTRAINT fk_reminders_event_id_events FOREIGN KEY (event_id) REFERENCES public.events(id) ON DELETE CASCADE;


--
-- Name: reminders fk_reminders_user_id_users; Type: FK CONSTRAINT; Schema: public; Owner: events_bot
--

ALTER TABLE ONLY public.reminders
    ADD CONSTRAINT fk_reminders_user_id_users FOREIGN KEY (user_id) REFERENCES public.users(id) ON DELETE CASCADE;


--
-- Name: user_activity_logs fk_user_activity_logs_user_id_users; Type: FK CONSTRAINT; Schema: public; Owner: events_bot
--

ALTER TABLE ONLY public.user_activity_logs
    ADD CONSTRAINT fk_user_activity_logs_user_id_users FOREIGN KEY (user_id) REFERENCES public.users(id) ON DELETE SET NULL;


--
-- Name: users fk_users_blocked_by_admin_id_users; Type: FK CONSTRAINT; Schema: public; Owner: events_bot
--

ALTER TABLE ONLY public.users
    ADD CONSTRAINT fk_users_blocked_by_admin_id_users FOREIGN KEY (blocked_by_admin_id) REFERENCES public.users(id) ON DELETE SET NULL;


--
-- PostgreSQL database dump complete
--

\unrestrict J6Mn8hUc8I5WI5Xb9oRtWjSLdInPEfkyjigZeIMs9cZtinfYXBhmfL7WAs1TktK

